"rating","sugar","rowing_team","track_team","chess_club"
4,46.23,0,0,0
2,37.09,1,1,0
1.6,38.76,1,0,1
4.7,61.81,0,0,0
4.2,48.09,0,0,0
1.7,61.23,1,1,0
2.4,34.43,0,1,0
2.6,28.89,1,0,0
2.3,32.09,1,0,0
3.7,47.33,0,0,0
3.8,35.62,0,0,0
3.8,41.95,0,0,0
3,41.69,0,0,1
1.1,52.18,0,1,0
4.1,56.06,0,0,0
4.2,46.89,0,0,0
3.3,31.05,0,0,1
2.6,26.34,1,0,1
2,34.21,0,1,0
1.5,44.96,1,0,0
1.5,43.01,1,0,0
1.6,41.85,1,1,0
3.7,42.27,0,0,0
4.3,58.01,0,0,0
4.1,54.01,0,0,0
4.1,55.9,0,0,0
3.5,29.42,0,0,1
1.9,26.32,1,0,1
4.1,34.76,0,0,0
2.6,40.4,1,0,0
3.7,45.26,0,0,1
3.5,40.48,0,0,0
4,41.46,0,0,1
3.9,50.77,0,0,0
4,56.22,0,0,0
4.3,49.45,0,0,0
2.1,35.87,0,1,0
1.7,28.5,0,1,0
4.2,35.31,0,0,0
4.3,44.58,0,0,0
1.9,43.08,1,0,0
3.5,32.98,0,0,0
2.3,36.36,1,0,0
2,51.06,0,1,0
2,53.73,1,0,0
1.7,54.5,0,1,0
2.6,36.96,1,1,0
3.5,30.68,0,0,1
2.4,30.15,1,1,0
2,43.77,1,1,0
3.8,47.7,0,0,0
1.3,41.91,0,1,0
2.2,45.23,1,0,1
1.2,57.12,1,0,0
1.1,50.88,1,0,1
3.5,51.42,0,0,1
3.3,27.26,0,0,1
3,31.23,0,0,0
3.6,30.57,0,0,0
3.9,40.85,0,0,0
1.3,45.7,1,1,1
4.6,43.63,0,0,0
2.2,40.63,1,0,0
1.8,61.99,1,0,0
1.9,54.65,1,0,0
1.6,54.91,1,0,0
1.8,31.07,1,0,1
3.5,34.64,0,0,0
2,38.94,1,0,0
2.4,45.87,1,0,0
1.9,43.96,1,0,0
2.3,38.91,1,1,0
3.9,39.65,0,0,0
2.1,48.47,1,0,0
4.5,57.98,0,0,0
1.8,48.77,1,0,0
3.3,30.88,0,0,0
2.9,29.34,1,1,0
3.5,31.13,0,0,1
3.6,42.29,0,0,0
2.1,37.6,1,0,0
2,45.99,1,0,0
4.4,37.92,0,0,0
4.7,56.4,0,0,0
4.1,46.86,0,0,0
4.3,59.27,0,0,0
2.3,29.24,1,0,0
1.9,30.55,1,1,1
3.9,36.86,0,0,0
1.3,47.55,1,1,0
2,41.39,1,1,0
4,40.04,0,0,0
3.5,37.04,0,0,0
4.6,54.79,0,0,1
4.5,58.43,0,0,0
2.3,44.03,1,0,0
3.2,23.57,0,0,0
2.6,27.74,1,1,0
4.3,37.49,0,0,0
3.8,37.27,0,0,0
2.7,46.69,1,0,0
2.1,43.92,1,1,0
1.9,39.26,0,1,0
1.4,54.67,1,0,0
1.9,43.74,1,0,0
4.2,50.75,0,0,0
3.8,37.6,0,0,0
2.1,41.41,0,1,0
4.1,40.73,0,0,0
3.8,48.18,0,0,0
4,42.62,0,0,0
1.7,44.74,0,1,0
1.9,39.26,1,1,1
4.3,51.33,0,0,0
4.1,56.6,0,0,1
4.6,52.77,0,0,0
3.6,29.45,0,0,0
3.7,30.74,0,0,0
1.6,36.57,0,1,0
3.7,41.25,0,0,0
3.6,37.03,0,0,0
2.3,36.17,1,0,0
2.3,45.9,1,0,0
2.1,56.51,1,0,0
4.3,52.06,0,0,0
4.3,52.4,0,0,0
2.1,32.31,1,1,0
1.6,31.08,1,1,1
3.3,25.74,0,0,0
4.2,45.9,0,0,0
3.6,34.55,0,0,0
4,43.59,0,0,0
4,38.19,0,0,0
1.6,54.98,1,0,0
4.1,60.01,0,0,0
4,59.4,0,0,0
3.5,39.29,0,0,0
3.7,28.94,0,0,0
3.1,35.92,0,0,1
1.4,50.48,0,1,1
4,42.18,0,0,0
3.9,42.54,0,0,0
3.5,39.58,0,0,0
2,58.47,1,0,0
1.6,54.55,1,1,1
2.2,51.92,1,1,0
1.4,34.46,0,1,0
1.9,41.4,1,1,0
1.8,29.64,1,1,0
1.9,42.8,1,1,0
4.1,39.84,0,0,0
2.2,36.6,1,1,0
2.4,38.51,1,0,1
3.7,47.41,0,0,0
1.8,52.3,0,1,0
1.4,55.64,1,1,0
2,34.23,0,1,0
3.8,31.9,0,0,0
3.8,32.36,0,0,0
1.7,43.17,1,0,1
2.1,41.06,1,1,0
3.8,43.54,0,0,0
4.4,46.42,0,0,0
1.6,53.48,1,0,1
2.1,54.95,1,0,0
1.9,50.64,1,1,1
3.9,32.57,0,0,0
3.2,38.26,0,0,0
2.3,29.88,1,1,0
1.4,43.05,1,0,1
4.1,48.92,0,0,0
1.9,38.43,1,0,1
2.3,47.82,1,0,0
4,52.9,0,0,1
4.4,53.9,0,0,0
1.7,53.34,1,0,0
3.9,31.31,0,0,0
2.3,41.08,1,0,0
3.8,34.13,0,0,1
3.9,50.85,0,0,0
2.6,36.31,1,0,0
2.2,40.69,1,1,0
3.3,38.95,0,0,0
4.6,59.88,0,0,0
1.2,58.4,1,1,1
3.9,49.44,0,0,0
1.7,31.94,1,0,1
3.5,27.23,0,0,0
2.3,29.28,1,0,0
3.6,44.83,0,0,0
1.6,41.07,1,1,0
1.7,48.55,1,1,1
3.6,40.84,0,0,0
1.7,63.23,1,0,0
4.9,55.45,0,0,0
4.1,52.55,0,0,1
3.1,30.6,0,0,0
2.2,27.77,1,1,0
3.6,40.46,0,0,0
2,49.24,1,1,0
4.2,42.2,0,0,0
3.8,43.04,0,0,0
1.5,50.32,1,0,0
1.4,60.28,1,1,1
1.8,55.49,1,1,0
2.2,44.4,0,1,0
2.3,31.19,0,1,0
3.5,31.28,0,0,0
3.9,29.88,0,0,0
4.6,46.27,0,0,0
2.6,41.66,1,0,0
1.8,41.76,1,1,0
3.6,41.52,0,0,0
4.3,56.44,0,0,0
4,45.38,0,0,0
4.3,54.47,0,0,0
3.5,41.43,0,0,0
3.3,27.1,0,0,0
2.6,29.2,1,0,0
3.2,45,0,0,1
4,44.44,0,0,0
3.6,45.29,0,0,0
1.3,42,1,0,0
4.3,52.66,0,0,0
1.8,60.74,1,0,0
1.9,60.41,1,1,0
1.8,33.31,0,1,0
2.6,29.23,1,0,1
3.8,28.43,0,0,0
3.6,42.09,0,0,1
2.2,43.56,1,1,0
4.1,42.21,0,0,0
3.5,44.67,0,0,0
1.5,58.64,1,0,0
1.5,55.34,1,1,0
4.4,53.23,0,0,0
2,28.11,0,1,1
3.6,32.67,0,0,0
3.6,26.63,0,0,0
1.6,46.37,1,0,0
2.3,38.41,1,0,0
3.8,44.59,0,0,0
2.1,41.27,1,0,0
1.6,51.14,1,0,0
4.2,52.42,0,0,1
2.2,46.6,0,1,0
3.5,30.59,0,0,0
3.3,28.14,0,0,0
2,23.38,1,0,1
3.7,45.35,0,0,0
1.9,45.32,1,1,0
4.1,40.83,0,0,0
4,35.84,0,0,0
4.1,53.31,0,0,0
1.5,51.04,1,0,0
4.6,54.69,0,0,0
3.5,30.74,0,0,0
2.6,28.72,1,0,0
3.7,35.65,0,0,1
1.5,45.8,1,1,0
1.4,48.63,1,0,0
4.2,45.12,0,0,0
4.1,39.68,0,0,0
4.1,52.32,0,0,0
3.9,46.72,0,0,1
3.7,46.54,0,0,0
3.5,34.54,0,0,0
3.7,31.95,0,0,1
2.7,31.6,1,1,0
1.3,55.96,0,1,0
1.9,44.11,1,1,0
3.7,36.86,0,0,0
2.2,38.45,1,1,0
3.9,50.67,0,0,0
3.8,52.54,0,0,0
3.9,55.35,0,0,1
2.3,28.26,1,1,0
3,27.73,0,0,1
2,32.59,1,1,0
2.1,45.97,1,1,1
3.9,41.56,0,0,0
4.2,43.2,0,0,0
3.9,44.92,0,0,0
4.3,49.47,0,0,0
1.7,52.38,1,0,0
4,55.97,0,0,1
1.7,33.61,1,0,0
1.8,37.47,1,0,1
3.4,34.75,0,0,0
1.9,40.92,1,0,0
4.5,41.43,0,0,0
1.8,41.58,1,1,0
1.7,42.89,0,1,0
1.3,55.96,1,1,0
4.1,53.45,0,0,0
4.3,46.08,0,0,0
3.4,32.13,0,0,0
3.7,32.97,0,0,0
3.4,28.14,0,0,0
1.8,42.79,1,0,0
2.7,36.63,1,0,0
4,38.03,0,0,0
2.3,38.61,1,1,0
4.5,58.21,0,0,0
4.2,53.98,0,0,0
2.1,55.39,1,0,0
2.6,32.01,1,1,0
4,33.16,0,0,0
3.4,33.56,0,0,0
1.9,49.13,1,0,0
2,51.83,1,0,0
3.3,38.76,0,0,0
4.4,45.8,0,0,0
1.3,56.99,1,1,1
1.6,49.25,1,0,0
4.3,56.45,0,0,0
3.9,38.53,0,0,0
3.9,34.76,0,0,0
1.8,29.46,0,1,1
3.9,39.56,0,0,0
3.5,41.33,0,0,1
2.6,42.86,1,1,0
2.1,44.62,1,0,0
4.2,51.81,0,0,1
1.9,52.43,0,1,0
4.5,52.23,0,0,0
1.9,37.34,1,0,0
3.6,34.38,0,0,0
3.6,26.56,0,0,0
2,46.25,1,1,1
3.9,43.36,0,0,0
3.7,43.35,0,0,0
3.7,39.37,0,0,0
2.1,58.74,1,0,0
4.2,54.16,0,0,0
4.2,50.66,0,0,0
3.8,28.66,0,0,0
3.9,33.64,0,0,0
4,36.19,0,0,0
3.8,41.16,0,0,0
3.4,41.18,0,0,0
4.5,44.32,0,0,0
1.5,45.77,0,1,1
3.9,48.74,0,0,1
4.3,53.84,0,0,1
4.4,56.16,0,0,0
3.8,41.7,0,0,0
3.7,27.56,0,0,1
4.4,35.99,0,0,0
2,40.39,1,0,0
2.3,36.37,1,1,0
3.9,41.04,0,0,0
2.3,36.5,1,0,0
1.5,50.4,0,1,0
4.1,51.28,0,0,0
4.5,50.93,0,0,0
2.6,33.93,1,0,0
3.5,27.39,0,0,0
4.3,34.04,0,0,0
3.6,44.8,0,0,0
2.2,40.67,1,0,1
2.2,42.65,1,1,0
3.7,36.47,0,0,0
5,57.59,0,0,0
1.4,63.55,1,1,0
1.7,57.1,1,0,1
1.9,38.34,1,0,0
1.7,32.32,1,0,1
3.6,30.63,0,0,0
2.1,49.32,0,1,0
3.8,35.97,0,0,0
4.1,41.49,0,0,0
3.9,38.98,0,0,0
1.7,51.81,1,1,0
4.3,55.09,0,0,1
1.4,58.89,0,1,0
2.5,34.7,1,1,0
4,30.54,0,0,0
3.7,34.82,0,0,0
2.4,42.86,1,0,0
2,44.89,1,1,0
3.5,39.98,0,0,0
1.9,34.22,1,1,0
4.1,51.56,0,0,0
3.9,47.82,0,0,0
3.6,53.25,0,0,0
2.5,30.3,1,1,0
2.8,32.31,1,0,0
3.4,29.2,0,0,0
1.8,46.51,1,0,1
1.9,36.57,1,0,0
2.5,31.69,1,0,0
2.2,42.74,1,1,0
1.9,52.1,1,0,0
1.6,51.8,0,1,0
1.7,54.74,1,0,0
3.7,33.91,0,0,1
2.4,25.95,1,0,0
2.7,22.66,1,1,0
4.1,44.86,0,0,0
4.3,46.6,0,0,1
4.1,38.65,0,0,0
3.5,32.71,0,0,0
4.1,45.48,0,0,1
1.5,46.43,1,0,1
4.4,55.43,0,0,0
3.2,39.47,0,0,1
3.5,37.83,0,0,0
2.7,30.05,1,1,0
3.7,51.26,0,0,0
2,45.49,1,1,1
2.2,36.42,1,1,0
2.2,38.01,1,1,0
4.8,56.52,0,0,0
1.8,61.14,1,0,0
2.2,56.81,1,1,0
3.8,37.4,0,0,0
2.1,37.95,1,1,0
2.3,35.3,1,1,0
1.5,48.25,1,1,0
2.5,40.71,1,0,0
4.1,40.4,0,0,0
2.6,40.51,1,1,0
5,50.45,0,0,0
1.4,52.76,1,1,1
4.5,55.08,0,0,0
3.8,32.21,0,0,0
2.2,31.77,1,1,1
2.2,36.7,1,1,0
4.3,50.57,0,0,0
4.1,47.77,0,0,0
2,30.17,1,1,0
3.7,39.21,0,0,0
1.9,42.71,1,1,0
1.6,54.9,1,0,0
1.5,51.33,1,0,1
2.5,30.45,1,1,0
2.4,34.03,1,1,0
2.6,31.86,1,1,0
4.2,45.16,0,0,0
1.8,45.34,0,1,0
2.2,47.26,1,1,0
4.2,45.01,0,0,0
4.4,53.76,0,0,0
2.2,49.67,1,0,1
4.4,55.18,0,0,0
3.8,37.47,0,0,1
3.5,32.53,0,0,0
3.4,37.14,0,0,0
4.5,46.45,0,0,0
4.3,46.3,0,0,0
2.9,36.87,1,0,0
3.6,42.14,0,0,1
3.8,52.7,0,0,1
4.3,49.55,0,0,0
4.7,51.03,0,0,0
3.6,38.97,0,0,1
3.4,31.61,0,0,0
3.8,39.93,0,0,1
3.8,44.39,0,0,1
4.2,41.61,0,0,1
3.6,33.94,0,0,0
2.5,36.05,1,0,0
2,53.38,1,1,0
3.7,58.45,0,0,1
1,60.9,1,0,1
3.6,25.57,0,0,0
1.8,37.05,0,1,0
3.3,36.38,0,0,0
2.3,44.94,1,0,0
1.9,43.35,1,0,0
2.3,42.53,1,0,0
1.8,40.77,1,0,1
2.2,49.94,1,1,0
4.2,53.1,0,0,1
2.1,48.02,1,1,0
4,29.45,0,0,0
4.1,35.14,0,0,0
2,34.49,1,0,0
2,40.72,1,1,1
1.5,41.58,1,1,0
3.8,48.47,0,0,0
4,42.78,0,0,1
1.8,50.9,1,0,0
4,48.86,0,0,0
4.1,61.12,0,0,0
2.1,30.23,1,0,1
2.3,35.42,0,1,0
3.1,29.14,0,0,0
1.7,47.14,0,1,0
3.6,42.17,0,0,0
4.4,44.6,0,0,0
2.1,37.11,1,1,0
2,49.05,1,0,0
4.3,47.95,0,0,0
3.6,48.09,0,0,0
3.6,34.62,0,0,0
2.1,38.29,1,0,0
2.5,32.48,1,1,0
3.8,46.26,0,0,0
3.9,41.27,0,0,0
3.4,43.89,0,0,1
3.8,42.68,0,0,0
1.4,56.22,1,1,0
1.5,57.63,0,1,0
3.9,53.78,0,0,1
3.8,29.12,0,0,0
2.1,36.1,1,1,1
3.7,31.31,0,0,0
1.9,43.55,1,0,0
4.3,47.86,0,0,0
4,45,0,0,1
3.6,36.62,0,0,0
4.7,60.4,0,0,0
3.7,51.91,0,0,0
4.2,55.15,0,0,0
1.9,30.84,1,1,0
4.3,39.31,0,0,0
3.4,33.39,0,0,0
4.3,41.53,0,0,0
4.2,43.51,0,0,0
1.8,42.28,0,1,0
1.9,39.53,0,1,0
1.5,52.32,1,1,0
1.7,48.82,1,0,0
3.9,50.75,0,0,0
3.4,38.91,0,0,1
3.8,36.33,0,0,0
1.9,36.43,0,1,0
1.9,39.86,1,1,0
2.6,39.34,1,0,0
1.7,49.43,1,0,0
2.4,35.68,1,1,0
2.2,52.68,1,1,0
3.8,51.9,0,0,0
1.9,50.95,1,1,0
2.8,27.25,0,0,1
2.4,33.17,1,1,0
4.1,30.88,0,0,0
3.9,40.6,0,0,0
3.6,33.69,0,0,1
3.9,39.27,0,0,0
3.7,45.48,0,0,0
1.9,48.95,1,0,0
4.7,58.66,0,0,0
2.2,43.22,1,1,0
2.2,31.57,1,0,0
2.4,33.67,1,0,0
2.3,30.75,1,0,0
2.4,41.39,1,0,0
1.4,42.88,0,1,1
4.3,47.16,0,0,0
3.3,40.75,0,0,0
3.9,52.9,0,0,1
1.4,56.78,0,1,0
1.3,56.14,0,1,0
1.4,38.46,1,1,1
1.4,37.51,0,1,0
3.5,32.63,0,0,0
1.9,41.35,1,0,0
1.6,42.27,0,1,0
2,52.52,1,0,1
3.9,39.82,0,0,1
4.6,62.49,0,0,0
4,45.96,0,0,0
1.4,55.67,1,0,0
2.4,33.89,1,0,0
3.2,33.12,0,0,0
4.3,35.03,0,0,0
2,43.78,1,0,1
3.5,31.85,0,0,0
1.8,43.12,1,1,0
2.4,38.28,1,0,0
1.6,48.91,1,0,0
1.3,53.62,0,1,0
1.7,54.76,1,1,0
2,33.08,1,0,0
3.2,37.26,0,0,1
3.4,24.79,0,0,0
3.4,47.77,0,0,1
4,41.43,0,0,0
1.6,43.47,0,1,0
1.6,49.32,1,1,1
4.2,54.73,0,0,1
1.3,55.57,1,1,0
1.4,53.97,1,0,0
1.6,33.82,0,1,0
3.3,41.76,0,0,0
1.3,40.34,0,1,0
1.9,44.12,1,1,0
3.9,38.05,0,0,0
2.3,42.66,0,1,0
1.9,49.28,1,0,0
2,50.84,1,1,0
1,53.84,1,0,0
1.9,54.24,1,1,0
2.1,29.37,0,1,0
4.1,33.08,0,0,0
1.7,30.26,1,1,0
4.6,44.78,0,0,0
1.6,50.85,1,0,0
3.8,35.42,0,0,0
1.3,43.75,0,1,0
1.8,56.66,1,0,0
2.2,48.05,1,0,0
3.9,59.37,0,0,1
2.4,27.6,0,1,0
2.5,31.35,1,1,0
3.6,36.83,0,0,1
2.4,43.59,1,1,0
4.2,40.56,0,0,0
3.9,39.03,0,0,0
1.8,40.47,1,0,1
1.9,54.42,1,0,0
4,55.92,0,0,0
1.5,53.52,0,1,0
3.4,32.86,0,0,0
2.3,29.36,1,0,0
2,32.75,1,1,1
2.6,41.41,1,0,0
4.1,42.71,0,0,0
3.9,38.37,0,0,0
2.1,38.37,1,0,0
4.5,53.91,0,0,0
1.4,54.33,1,1,0
4.3,54.51,0,0,0
3.5,34.63,0,0,0
2,37.74,1,0,1
1.6,33.89,0,1,0
1.8,50.85,1,0,0
2.3,43.69,1,0,0
2.3,38,1,1,0
1.6,36.87,1,0,1
4.2,60.21,0,0,0
4.1,53.95,0,0,1
4.7,63.5,0,0,0
3.7,33.51,0,0,0
2.4,32.28,1,1,0
2.3,26.08,1,1,0
4,49.89,0,0,0
3.3,42.45,0,0,0
1.8,42.85,1,1,0
2.1,46.27,1,0,0
4,50.67,0,0,0
1.9,48.02,1,1,0
1.6,45.18,1,0,0
2.1,33.73,1,1,0
3.8,33.89,0,0,0
4.2,31.85,0,0,0
4.3,37.52,0,0,0
3.8,38.48,0,0,0
4.4,45.11,0,0,0
1.6,45.07,1,1,0
1.9,48.38,1,0,0
4,47.21,0,0,0
4.8,48.08,0,0,0
4.3,41.58,0,0,0
2.2,31.71,1,0,0
3.5,26.97,0,0,0
2,43.26,1,1,0
4,37.16,0,0,0
2.4,41.41,0,1,0
3.8,44.45,0,0,0
4.6,55.68,0,0,0
4.7,55.23,0,0,0
3.7,46.73,0,0,0
3.6,31.76,0,0,0
3.4,26.27,0,0,0
1.9,41.81,1,1,0
2.6,41.44,1,0,0
4.5,41.45,0,0,0
3.9,45.78,0,0,0
3.5,38.09,0,0,0
4.6,58.14,0,0,0
1.5,53.85,0,1,0
1.7,51.67,1,1,0
1.5,37.81,1,1,0
3.7,33.34,0,0,0
2.1,31.36,1,1,1
1.7,46.01,1,0,1
4.5,44.97,0,0,0
3.6,39.92,0,0,0
4.4,45.73,0,0,0
2,52.46,1,1,0
4.5,60.74,0,0,0
4.2,51.65,0,0,0
2.2,36.63,1,1,1
2.6,26.6,1,0,1
3.9,29.02,0,0,0
3.8,47.44,0,0,0
4.3,50.73,0,0,0
4.2,41.88,0,0,0
3.5,46.94,0,0,1
4,53.56,0,0,1
4,50,0,0,0
1.1,56.7,0,1,0
2.2,34.17,0,1,0
3.1,30.82,0,0,0
2.2,32.8,1,0,0
1.8,48.78,1,1,0
3.9,41.22,0,0,0
1.7,41.79,1,0,0
2.5,40.29,1,1,0
4.5,49.92,0,0,0
2.1,52.09,1,0,0
4.1,52.52,0,0,1
3.4,29.1,0,0,1
2.4,24.26,1,0,1
3.2,23.76,0,0,0
4.2,45.43,0,0,0
1.5,44.26,1,1,0
2.3,42.6,1,0,0
2.1,46.02,1,0,0
4,51.61,0,0,0
4,51.97,0,0,0
4.1,51.36,0,0,0
2.2,28.6,0,1,0
3.5,33.25,0,0,0
2.2,32.97,1,1,0
3.9,41.97,0,0,0
3.6,41.92,0,0,0
2.2,37.91,1,1,1
2.1,43.01,1,0,0
4.5,51.7,0,0,0
1.8,58.51,1,1,0
4,54.27,0,0,0
2.6,36.52,1,0,0
3.3,31.87,0,0,0
3.7,37.03,0,0,0
4.1,38.82,0,0,0
2.3,38.18,1,0,1
3.9,41.8,0,0,0
4,44.64,0,0,0
2.2,43.64,1,0,0
4.7,53.68,0,0,0
1.9,48.93,1,0,0
2.3,31.24,1,1,0
2.3,34.84,1,0,0
3.8,33.45,0,0,0
4.1,40.92,0,0,0
2.5,52.32,0,1,0
1.7,37.77,0,1,0
2.2,41.86,1,0,0
1.1,54.87,0,1,0
4.3,53.26,0,0,1
3.5,47.57,0,0,1
2.5,32.7,1,1,0
2,28.75,1,0,0
3.1,30.06,0,0,1
1.7,52.41,1,0,0
2.3,47.28,1,0,0
1.8,48.34,1,1,0
3.9,35.17,0,0,0
1.4,48.03,1,1,0
2.1,51.41,1,0,0
4.6,55.87,0,0,0
2,38.3,1,1,0
2.2,27.02,1,1,0
4.4,36.63,0,0,0
2,51.46,1,0,0
2,40.11,1,0,0
2.1,39.59,1,1,0
1.6,45.32,1,0,0
4.4,60.13,0,0,0
1.5,56.86,1,0,0
1.4,53.03,0,1,1
2,33.32,1,0,1
3.6,31.24,0,0,0
2.3,42.24,1,0,0
1.7,41.75,1,0,0
2.2,42.76,1,0,0
1.9,41.52,1,0,0
2.4,39.22,1,1,1
4.6,56.3,0,0,0
3.9,43.57,0,0,0
1.9,48.54,1,0,0
3.6,32.86,0,0,1
2,35.52,0,1,0
3.5,29.55,0,0,0
4,35.74,0,0,0
4.6,49.89,0,0,0
4.1,46.55,0,0,0
2,42.42,0,1,0
1.7,56.08,1,1,1
4.2,48.35,0,0,0
3.6,45.07,0,0,1
1.9,33.18,1,1,0
2.4,32.99,1,1,0
2.3,26.38,1,1,0
4.1,47.28,0,0,1
4.2,43.74,0,0,0
3.9,41.41,0,0,0
3.8,37.32,0,0,0
2.3,50.05,1,1,0
1.6,52.71,1,1,0
4.7,56.12,0,0,0
4.2,32.95,0,0,0
1.9,29.34,1,1,0
3.9,32.46,0,0,0
1.5,44.05,1,1,1
3.8,35.34,0,0,0
2,39.58,1,1,0
2.4,39.98,1,1,0
4.1,49.28,0,0,0
4.4,49.44,0,0,0
4.7,56.83,0,0,0
3.3,30.23,0,0,0
2,37.81,1,1,0
2.4,33.16,1,1,0
4.2,47.39,0,0,0
4,44.15,0,0,0
4.4,46.02,0,0,0
3.5,33.77,0,0,1
2.1,40.16,0,1,1
1.7,51.32,1,0,1
3.6,46.42,0,0,0
4,39.92,0,0,0
2.3,32.98,1,0,0
3.9,29.21,0,0,0
1.9,43.92,1,0,0
2,37.45,1,0,0
1.6,42.03,0,1,0
4,38.25,0,0,0
4.8,56.07,0,0,0
4.2,52.16,0,0,1
1.9,48.9,1,0,1
2.1,30.19,1,1,0
2.2,26.44,0,1,0
3.1,29.71,0,0,0
4.2,45.36,0,0,1
2,40.95,1,0,1
2.3,42.58,1,1,0
4,34.71,0,0,0
3.7,49.66,0,0,1
1.2,55.78,0,1,0
1,56.01,0,1,1
2.2,36.17,0,1,0
3.4,27.65,0,0,0
3.7,35.8,0,0,1
3.8,39.4,0,0,0
4.4,41.91,0,0,0
1.8,41.65,0,1,0
2.5,34.86,1,0,0
4.3,57.07,0,0,0
1.3,58.94,1,1,0
1.7,55.58,1,0,0
3.1,28.81,0,0,0
1.8,39.58,1,1,0
1.6,32.56,0,1,0
1.5,48.38,1,0,0
3.9,36.15,0,0,0
1.9,47.85,1,0,0
2.1,45.63,1,1,0
4.4,53.03,0,0,0
4.2,45.88,0,0,0
1.7,48.17,1,1,0
1.9,37.33,1,1,0
3.4,24.37,0,0,0
2,42.91,1,1,0
3.5,41.71,0,0,0
4.4,47.25,0,0,0
1.7,46.22,0,1,0
4.2,36.26,0,0,0
4.3,57.45,0,0,1
2,51.4,1,1,0
3.7,59.06,0,0,0
2.5,30.22,1,1,0
3.7,38.32,0,0,0
2.1,34.87,1,0,0
1.9,41.67,1,0,0
2.4,44.25,1,1,0
1.9,46.48,1,1,0
2.6,39.53,1,0,0
4.4,46.04,0,0,0
1.3,51.35,1,0,0
1.9,50.51,1,1,0
2.2,34.45,1,0,0
1.7,32.17,1,1,1
1.6,31.41,1,1,0
1.6,42.22,1,1,1
3.5,43.55,0,0,1
2,39.98,1,1,1
3.7,39.94,0,0,1
4.5,56.26,0,0,0
1.3,45.64,0,1,1
1.5,56.19,1,1,0
2.3,35.96,1,0,0
3.4,29.72,0,0,0
2.4,36.19,1,1,0
1.7,45.26,0,1,0
2.1,39.34,1,1,0
1.9,45.75,0,1,0
2.4,46.12,1,0,0
2.4,53.3,1,1,0
3.9,50.97,0,0,1
2.3,50.19,1,0,0
1.8,38.4,1,0,1
2,40.4,1,0,0
4.1,35.17,0,0,0
3.9,42.64,0,0,0
2.5,36.52,1,1,0
2.1,43.16,1,1,0
4.2,39.94,0,0,0
1.9,45.98,1,0,1
4.4,49.3,0,0,0
4.5,53,0,0,0
4.3,35.17,0,0,0
4.2,37.14,0,0,0
3.7,32.83,0,0,0
1.5,47.3,1,0,0
3.9,44.78,0,0,0
3.9,40.38,0,0,0
3.6,40.83,0,0,0
4.5,55.54,0,0,0
2.2,55.17,1,1,0
2.1,56.33,1,1,0
3.4,28.85,0,0,0
3.1,28.29,0,0,0
2,38.32,1,1,0
1.5,43.66,0,1,0
4.4,48.41,0,0,0
2.5,45.6,1,1,0
4,42.95,0,0,0
1.7,52.17,1,0,0
2.1,44.8,1,1,0
1.2,50.85,1,0,0
3.7,40.93,0,0,0
2.7,32.6,1,0,0
2.2,33.99,1,0,0
3.9,49.34,0,0,0
2.5,42.21,1,1,0
1.8,39.52,1,1,1
1.8,45.69,1,0,0
4.3,51.88,0,0,0
4.5,54.23,0,0,1
4,49.78,0,0,0
2.3,32.61,1,1,0
4.1,37.61,0,0,0
3.3,34.8,0,0,0
2.2,47.39,1,0,0
2.3,39.7,1,0,0
1.6,50.66,1,1,0
4.2,42.91,0,0,0
4.2,47.45,0,0,0
4.1,54.74,0,0,0
2.1,52.56,1,1,0
3.5,39.82,0,0,0
1.8,35.74,1,1,0
3.6,40.4,0,0,0
2,44.01,1,1,0
1.8,48.67,1,0,0
4.4,46.37,0,0,0
2.3,45.24,0,1,0
4.4,56.89,0,0,0
1.9,51.71,1,1,0
2.4,56.33,1,0,0
2.4,32.66,1,1,0
3,31.42,0,0,0
2.4,36.26,1,1,0
4.8,48.89,0,0,0
1.7,47.39,0,1,0
4.1,46.39,0,0,0
3.6,43.31,0,0,0
1.3,53.53,1,0,0
4,51.67,0,0,0
4.5,51.11,0,0,0
1.9,31.34,0,1,0
2.9,30.3,0,0,0
3.9,30.99,0,0,0
4,50.36,0,0,0
3.9,45.52,0,0,0
3.5,40.48,0,0,0
4.4,43.94,0,0,0
5,55.18,0,0,0
4,54.46,0,0,0
1.9,51.66,1,0,0
2.5,33.21,1,1,0
2.9,26.9,1,0,0
2.8,32.34,1,1,0
3.5,46.81,0,0,0
3.6,50.27,0,0,1
2,36.15,1,1,0
4.6,43.26,0,0,0
4.1,44.27,0,0,0
4.3,57.5,0,0,0
4.3,56.82,0,0,1
4.1,34.12,0,0,0
2,30.98,0,1,1
2.1,29.66,1,0,0
2,47.3,1,0,0
1.5,48.14,0,1,0
2.1,41.84,1,0,0
3.9,43.27,0,0,0
1.3,60.78,1,0,0
1.8,51.47,1,0,0
1.9,54.81,1,1,0
3.7,32.46,0,0,0
3.2,28.07,0,0,0
3.5,29.11,0,0,0
4.1,44.43,0,0,1
3.6,42.07,0,0,0
3.4,41.57,0,0,1
1.9,38.94,0,1,1
2.3,57.21,1,1,0
1.8,55.71,1,0,0
3.8,50.97,0,0,0
2.9,30.51,0,1,0
2.1,36.93,1,0,0
3.3,24.72,0,0,0
4.1,37.52,0,0,0
4.1,45.73,0,0,0
1.8,44.28,1,0,0
2,43.92,1,0,0
4.1,51.06,0,0,0
1.5,53.28,1,0,0
4,54.22,0,0,0
3.5,30.32,0,0,0
2.5,34.9,0,1,0
2.4,31.46,1,0,0
1.9,41.39,1,0,0
2.4,43.79,1,1,0
1.9,39.29,1,0,0
3.5,40.63,0,0,0
2,46.08,1,1,0
1.9,48.02,1,0,0
3.9,48.98,0,0,0
4,32.77,0,0,0
2.9,33.06,0,0,0
2.2,30.9,1,1,0
2.3,42.18,1,1,0
2.2,46,1,1,0
4,47.35,0,0,0
1.8,41.24,1,1,0
1.5,45.81,1,0,0
4.3,55.1,0,0,0
4.5,57.4,0,0,0
2.6,21.04,0,0,1
3.7,31.83,0,0,0
2,25.39,1,0,1
4.3,42.57,0,0,0
3.8,45.82,0,0,0
4.4,40.78,0,0,0
3.8,41.86,0,0,0
4.4,57.08,0,0,0
1.6,52.66,1,0,0
2.1,50.46,1,1,0
3.4,27.39,0,0,0
2,36.12,1,1,0
2.1,36.62,1,0,0
4.5,50.55,0,0,0
3.9,43.87,0,0,0
4.7,43.91,0,0,0
1.8,37.7,1,1,0
1.8,50.65,1,1,0
4.1,57.52,0,0,0
4.4,49.39,0,0,0
3.7,26.46,0,0,0
2.1,38.68,1,0,0
3,34.65,1,1,0
3.6,48.61,0,0,1
2.2,35.29,1,0,0
1.7,39.24,1,1,1
2.2,42.66,1,0,0
2.1,52.75,1,0,0
1.7,60.18,1,1,0
4.8,61.13,0,0,0
1.7,30.5,0,1,0
2.3,25.49,1,1,1
4.3,33.81,0,0,0
1.8,47,0,1,0
1.9,44.42,1,1,0
2.2,37.99,1,1,0
4.2,46.04,0,0,0
1.8,61.52,1,0,0
2,53.84,1,0,0
1.4,55.7,1,1,0
2.1,36.02,1,1,0
2,31.34,1,1,0
2.7,30.64,1,0,0
4.3,45.12,0,0,0
4.1,43.76,0,0,0
3.6,45.31,0,0,0
2.1,41.39,1,1,0
1.6,53.95,1,1,1
4.5,50.87,0,0,0
4.4,59.08,0,0,0
2.5,34.15,1,0,0
3.9,36.47,0,0,0
2.6,33.77,1,0,0
4.1,46.71,0,0,1
1.9,37.26,0,1,0
4.1,42.5,0,0,0
3.7,44.31,0,0,0
2.1,49.94,1,1,0
4.5,52.78,0,0,0
2.4,52.96,1,1,0
1.9,30.49,1,0,1
2.2,27.5,1,1,0
2.7,25.86,1,0,0
4.2,44.21,0,0,0
3.8,40.8,0,0,0
4,44.08,0,0,0
2.1,41.4,0,1,0
4.1,45.28,0,0,0
2.2,50.77,1,1,0
1.8,53.43,0,1,0
2.5,38.25,1,0,0
4,33.46,0,0,0
3.1,31.68,0,0,0
2.1,44.68,1,1,0
1.6,46.61,0,1,0
3.9,43.49,0,0,0
1.6,37.08,0,1,0
2,51.39,1,0,0
4.1,51.84,0,0,0
4.3,55.9,0,0,0
3.8,30.62,0,0,0
3.4,31.6,0,0,0
2.4,36.65,1,1,0
2.1,45.89,1,0,0
2.1,44.12,0,1,0
1.5,43.49,1,0,0
3.9,45.94,0,0,0
4.1,52,0,0,0
3.8,49.89,0,0,1
4.6,50.45,0,0,0
3.7,28.15,0,0,0
1.7,35.04,0,1,0
2,26.37,1,1,0
4.1,42.58,0,0,0
2.4,39.62,1,1,0
2.2,34.53,1,1,0
2.6,37.82,1,0,0
1,59.13,0,1,0
1.9,52.56,1,0,1
4.5,54.08,0,0,0
3.5,22.44,0,0,0
2.4,36.64,1,1,1
3.6,27.25,0,0,0
3.9,46.01,0,0,1
2,48.12,1,1,1
1.9,46.76,1,0,0
1.8,44.2,1,1,0
1.8,55.37,1,0,0
4.2,54.57,0,0,0
4.5,54.12,0,0,0
3.4,32.63,0,0,0
2.1,36.85,1,1,1
2.7,27.83,0,0,0
1.7,50.08,1,1,0
3.5,41.25,0,0,1
2.6,39.49,1,1,0
4.5,46.73,0,0,0
3.7,48.06,0,0,0
2.5,46.96,1,1,0
2,51.86,1,1,0
3.2,34.57,0,0,0
3.7,37.94,0,0,0
3.4,32.25,0,0,1
3.6,52.19,0,0,0
4.3,38.53,0,0,0
1.3,39.94,0,1,1
4.2,43.81,0,0,0
4.6,53.67,0,0,0
1.5,57.12,1,0,0
2,53.02,1,0,0
3.6,27.88,0,0,0
3.8,34.3,0,0,0
1.8,34.44,0,1,0
1.7,42.04,0,1,0
2.2,36.55,0,1,0
1.8,43.55,1,1,0
1.8,40.88,1,1,1
1.7,55.59,1,0,1
1.8,55.7,1,1,0
3.7,50.84,0,0,0
2.1,33.88,1,1,0
2.8,31.12,1,1,0
2,32.98,1,1,0
1.4,44.68,0,1,0
4,42.83,0,0,0
3.9,43.67,0,0,0
2.1,53.95,1,0,0
4.3,51.63,0,0,0
1.8,57.9,0,1,0
2,54.17,1,1,0
2.6,31.99,0,1,0
3.4,31.99,0,0,0
3.4,28.66,0,0,1
1.6,47.18,1,0,1
1.8,44.77,1,1,0
4.1,47.22,0,0,0
3.7,41.63,0,0,1
4.4,52.24,0,0,0
4.1,52.03,0,0,0
4.4,57.48,0,0,1
3.6,31.69,0,0,1
2.2,33.11,1,0,1
4.4,30.75,0,0,0
4.1,45.76,0,0,0
2,42.69,1,0,0
3.9,42.16,0,0,0
2.2,39.26,1,0,0
4.2,54.02,0,0,0
1.3,53.18,1,0,0
4.3,53.41,0,0,1
3.9,34.45,0,0,0
2.8,30.47,1,1,0
1.6,33.11,0,1,0
1.7,50.41,1,1,0
4.2,42.39,0,0,0
3.8,39.46,0,0,0
2.2,45.32,1,1,0
3.9,53.91,0,0,1
1.5,49.07,1,0,0
4.8,60.62,0,0,0
1.7,35.96,0,1,1
2.3,36.99,1,0,0
4.7,32.83,0,0,0
4.2,49.63,0,0,0
4.1,43.4,0,0,0
3.7,44.28,0,0,0
1.9,36.28,1,0,0
2.1,51.46,1,1,0
3.9,54.77,0,0,0
1.6,54.75,1,1,1
3.3,30.77,0,0,1
3.8,43.16,0,0,1
3.7,31.39,0,0,0
2.1,41.82,1,0,0
3.8,40.09,0,0,0
2.3,40.05,0,1,0
1.7,49.09,0,1,0
2.3,52.54,1,1,0
1.7,52.19,1,0,0
2,51.46,1,1,1
1.9,32.9,1,1,0
3.7,31.46,0,0,0
4.2,37.12,0,0,0
1.7,52.72,1,0,0
3.9,42.77,0,0,0
3.5,40.47,0,0,1
2.1,37.73,0,1,1
5,49.59,0,0,0
1.9,43.48,1,0,0
4.1,56.27,0,0,0
2.7,28.65,1,1,0
1.6,34.14,1,0,0
2.4,39.47,1,0,0
1.5,44.69,0,1,0
1.8,39.75,1,0,1
2,50.34,1,0,0
4.5,49.31,0,0,0
4.1,47.71,0,0,0
2.1,55.67,1,1,0
1,52.27,1,1,1
3.5,26.95,0,0,0
3.2,31.68,0,0,1
2.3,31.5,1,0,0
1.8,43.48,1,1,0
3.5,40.51,0,0,0
1.7,45.76,1,0,0
4.1,47.58,0,0,0
4.2,56.69,0,0,0
1.9,54.47,1,1,0
4.2,50.97,0,0,0
2.8,32.14,1,0,0
3.2,29.8,0,0,0
2.5,31.6,1,0,0
4,43.72,0,0,0
2.1,44.29,1,1,0
3.8,42.68,0,0,0
2.3,42.09,1,1,0
4.4,55.64,0,0,0
1.5,53.85,0,1,0
4.2,50.35,0,0,0
2.2,36.92,0,1,0
3.5,31.34,0,0,0
3.6,31.85,0,0,0
2,43.61,1,1,0
4.1,41.49,0,0,0
2.4,43.69,1,0,0
2.3,46.75,1,0,0
1,52.33,0,1,0
1.3,53.41,0,1,0
1.7,55.02,1,0,0
2.5,23.1,1,0,0
3.7,33.51,0,0,0
1.2,30.13,0,1,1
4.2,40.28,0,0,0
1.5,45,1,0,0
1.7,39.38,1,1,0
1.6,35.3,1,0,0
4.8,49.85,0,0,0
1.5,62.48,1,1,0
2,50.56,1,1,1
3.6,32.4,0,0,0
4.1,43.32,0,0,1
2.3,32,1,0,0
4.1,50.07,0,0,0
4.3,39.04,0,0,0
1.7,44.07,1,1,1
4.1,40.66,0,0,0
1.5,49.51,0,1,0
4.4,49.21,0,0,0
1.5,52.43,1,1,0
3.5,30.39,0,0,0
2.5,29.87,1,1,0
2.3,36.37,1,1,0
4.2,47.37,0,0,0
4,45.37,0,0,0
2.2,40.31,1,0,0
3.9,43.22,0,0,0
3.9,52.27,0,0,1
2.1,49.44,1,1,1
4.7,62.06,0,0,0
2.4,28.34,1,1,0
2.6,34.02,1,1,0
2.1,39.3,1,0,0
2.5,39.82,1,0,0
2,41.06,0,1,0
3.9,40.82,0,0,0
3.7,41.53,0,0,0
4,51.25,0,0,0
4.1,55.12,0,0,0
2,52.51,1,1,0
3.8,32.23,0,0,0
3.4,27.81,0,0,0
2.2,39.22,1,1,0
4.4,40.16,0,0,0
1.4,45.73,1,1,1
3.1,41.73,0,0,0
3.8,39.81,0,0,0
4.9,56.77,0,0,0
4.3,53.56,0,0,0
3.6,47.62,0,0,1
2.4,29.28,1,1,0
2.4,31.56,0,1,0
3.8,28.29,0,0,0
4,36.15,0,0,0
1.3,41.94,1,0,0
2.5,35.47,1,1,0
1.7,44.6,1,1,0
4,52.23,0,0,1
4.9,54.5,0,0,0
1.5,51.6,1,0,0
2,33.16,1,1,0
2.4,34.46,1,1,0
2.1,31.85,1,0,0
2.1,39.42,1,1,0
2.2,39.12,1,0,0
3.5,38.51,0,0,0
4.1,45.61,0,0,0
3.9,41.64,0,0,0
4.3,53.82,0,0,0
1.9,47.47,1,0,0
2,32.73,1,0,0
4.1,37.3,0,0,0
3.4,25.84,0,0,0
3.9,46.92,0,0,1
3.9,42.4,0,0,0
1.8,44.45,1,0,1
1.6,40.54,0,1,0
1.4,49.7,1,1,0
4.4,50.91,0,0,0
1.4,57.65,1,0,1
3.8,36.33,0,0,0
3.7,33.36,0,0,0
3.3,36.1,0,0,0
2,42.45,1,1,0
1.7,43.62,1,0,0
1.4,44.24,0,1,0
3.8,37.47,0,0,0
4.4,52.19,0,0,0
2.5,44.75,1,0,0
3.8,55.54,0,0,0
3,29.6,1,0,0
1.6,37.52,1,0,0
3.5,30.99,0,0,1
4.3,41.63,0,0,0
1.5,46.35,1,1,0
4.4,38.25,0,0,0
2.2,43.29,1,1,0
1.7,55.73,1,0,0
4,53.69,0,0,0
4.5,53.99,0,0,0
3.6,31.56,0,0,0
3.8,37.64,0,0,0
4,29.36,0,0,0
3.9,47.3,0,0,0
2.2,44.32,0,1,0
4.2,45.17,0,0,0
2.2,32.95,1,0,0
1.8,55.44,1,0,0
1.2,51.7,1,0,0
1.8,55.44,1,1,0
2.3,33.19,1,0,0
3.2,30.13,0,0,0
2.2,30.22,1,0,0
1.9,41.74,1,1,0
4,41.5,0,0,0
2.6,40.29,1,1,0
1.4,47.14,1,1,1
1.3,53,0,1,0
2.2,49.86,1,0,0
1.7,57.03,1,0,1
3.2,27.42,0,0,0
2.5,33.58,1,0,0
3.8,28.31,0,0,0
3.5,46.26,0,0,1
3.7,38.69,0,0,0
2.4,40.78,1,0,0
3.7,40.26,0,0,0
4.2,52.96,0,0,1
1.8,50.73,1,1,0
3.8,49.31,0,0,1
1.6,27.57,1,1,0
2.2,30.64,1,1,1
3.6,33.05,0,0,1
3.7,47.55,0,0,1
2.5,40.88,1,1,0
2,39.25,1,1,0
1.8,34.07,1,1,1
1.9,57.58,1,0,0
4.4,57.6,0,0,0
1.5,55.99,1,0,1
3.6,34.82,0,0,0
3.2,39.08,0,0,0
2.5,32.9,1,0,0
4.5,44.68,0,0,0
3.6,44.57,0,0,0
1.8,42.1,1,1,1
2.1,36.02,1,1,0
4.2,53.36,0,0,0
4.2,56.38,0,0,0
4.3,56.78,0,0,0
2,37.42,1,0,0
2.5,32.29,1,0,0
3,27.48,1,1,0
4.1,44.47,0,0,0
3.6,35.27,0,0,0
1.6,44.77,1,0,0
4.5,43.16,0,0,0
4.2,51.88,0,0,0
2,52.97,1,1,0
4.2,53.13,0,0,0
1.4,30.28,0,1,1
3,30.88,0,0,0
3.4,25.15,0,0,0
2.2,47.1,1,0,0
3.7,45.56,0,0,0
2.1,45.17,1,0,1
3.7,40.79,0,0,0
1.8,51.1,1,1,0
1.8,55.4,1,0,0
4.3,53.98,0,0,0
2.2,41.45,1,0,0
1.7,29.21,1,1,0
3.8,35.31,0,0,0
4.4,48.58,0,0,0
2.3,39.88,1,1,1
3.9,40.68,0,0,0
1.9,40.75,1,1,0
2,53.53,1,1,1
3.5,46.76,0,0,0
4,45.89,0,0,0
2.1,32.06,1,1,0
1.7,35.98,0,1,0
2,41.91,1,0,0
4.1,46.12,0,0,0
3,36.46,0,0,0
1.7,47.2,1,0,0
2.2,43.31,0,1,0
4.2,55.53,0,0,0
1.6,52.75,1,0,0
4.5,53.35,0,0,0
3.6,29.38,0,0,0
4.1,34.9,0,0,0
2.5,33.72,1,1,0
3.9,44.82,0,0,0
1.5,41.22,0,1,0
4.3,40.14,0,0,0
3.9,45.54,0,0,0
4.2,50.43,0,0,0
4.4,52.79,0,0,0
1.9,54.62,1,1,1
3,32.37,0,0,1
3.9,34.88,0,0,0
2.4,36.48,1,0,0
4,50.47,0,0,0
4,46.54,0,0,0
3.9,51.96,0,0,0
3.9,40.45,0,0,0
4.2,45.56,0,0,0
1.5,54.89,1,1,0
4.5,51.27,0,0,0
3.9,32.27,0,0,0
2.4,37.46,1,0,0
1.6,39.19,0,1,0
1.7,32.79,1,1,0
2,42.93,0,1,0
1.9,38.62,1,0,0
4.6,43.88,0,0,0
4.3,51.03,0,0,0
1.6,51.28,0,1,0
4.9,62.26,0,0,0
3.7,31.47,0,0,0
3.7,30.02,0,0,0
2.1,35.32,1,1,0
2.1,46.74,1,1,0
1.8,40.32,1,1,0
2.1,40.28,1,1,0
2.1,41.61,1,1,0
4.2,58.07,0,0,0
4.1,50.85,0,0,0
1.9,49.81,1,0,0
2.7,31.47,1,1,0
2.3,31.02,1,0,0
3.3,32.19,0,0,1
4.1,48.18,0,0,0
2.1,37.08,1,0,0
2.1,39.92,1,0,0
4.1,41.81,0,0,0
3.9,53.4,0,0,0
2.2,58.1,1,1,0
1.4,58.91,1,0,0
3.3,36.08,0,0,1
3.5,32.92,0,0,1
2,30.51,1,0,0
1.9,43.11,1,1,0
3.8,32.72,0,0,0
3.7,40.72,0,0,0
2,34.73,0,1,1
4.8,53.33,0,0,0
4.3,46.52,0,0,0
4.1,53.98,0,0,0
3.8,29.63,0,0,0
1.9,36.51,1,1,0
3.3,29.86,0,0,0
4.6,51.41,0,0,0
4,43.8,0,0,0
2,43.44,0,1,1
2.2,44.06,1,1,0
1.5,55.84,1,0,0
1.8,59.8,1,1,0
4.7,57.8,0,0,0
2.4,34.97,1,1,0
1.6,37.69,1,1,1
3.7,36.95,0,0,1
3.7,48.81,0,0,0
1.8,38.9,1,1,0
2.3,46.07,1,0,1
1.9,43.67,1,0,0
2.4,48.1,1,0,0
4.2,53.92,0,0,0
2.2,49.99,1,0,0
2.1,36.18,1,1,0
4.1,36.39,0,0,0
1.8,28.7,0,1,1
3.8,45.89,0,0,0
1.8,46.71,1,0,0
3.8,36.04,0,0,0
4.2,38.23,0,0,0
5,54.16,0,0,0
4,45.82,0,0,0
4.3,58.51,0,0,0
3.7,35.28,0,0,0
3.6,34.27,0,0,1
1.7,30.07,0,1,0
4.2,49.81,0,0,0
1.5,39.83,1,1,0
2.3,40.16,0,1,0
1.8,49.06,1,1,0
3.6,47.26,0,0,0
4.2,50.78,0,0,0
2.3,54.07,1,0,1
2.4,26.22,0,1,0
3.8,33.07,0,0,0
2.5,32.5,1,1,0
1.6,47.6,0,1,0
1.5,40.7,1,1,1
3.7,43.79,0,0,1
1.4,52.66,1,1,1
4.8,53.75,0,0,0
4.3,47.51,0,0,0
4.9,48.96,0,0,0
3.7,32.99,0,0,0
3.9,34.37,0,0,0
3.4,25.83,0,0,0
1.8,48.06,0,1,0
4.2,43.54,0,0,0
3.8,38.17,0,0,1
3.8,36.54,0,0,0
2.1,50.28,1,0,0
1.5,52.74,1,0,0
4.1,48.54,0,0,0
3.5,37.91,0,0,0
2.8,30.06,1,0,0
2,34.13,1,0,0
1.8,49.81,1,0,0
4,42.6,0,0,0
3.7,36.07,0,0,0
3.9,42.36,0,0,0
1.2,55.04,1,1,1
1.6,50.86,1,0,0
4.4,56.52,0,0,0
3.5,29.04,0,0,0
2.7,25.48,1,0,0
3.4,27.22,0,0,0
4.2,47.25,0,0,0
2.4,35.19,1,1,0
4.1,44.47,0,0,0
4.4,46.24,0,0,0
4.3,53.66,0,0,1
4.6,50.02,0,0,0
2,48.73,1,1,0
2.1,37.46,1,0,0
3.7,31.45,0,0,0
2,31.21,0,1,0
4,40.96,0,0,0
1.3,44.64,0,1,0
4,38.51,0,0,0
4.1,37.54,0,0,0
3.7,58.22,0,0,1
4,51.96,0,0,0
2,53.94,1,1,0
3.9,32.88,0,0,0
3.4,32.18,0,0,0
3.8,39.47,0,0,0
4.4,53.93,0,0,0
1.7,41.76,1,0,0
3.8,41.04,0,0,0
1.6,41.31,1,0,0
1.6,56.3,0,1,0
1.9,57.83,1,1,0
1.5,51.6,1,1,0
2.1,28.74,1,0,0
3.9,29.86,0,0,0
2.5,32.62,1,1,0
1.5,37.28,1,1,0
2.2,38.12,1,0,0
2.1,45.36,1,0,0
1.9,39.52,1,0,0
4.9,49.79,0,0,0
1.6,59.79,1,0,1
4.1,44.75,0,0,0
2.8,34.66,1,1,0
3.5,31.48,0,0,0
3.9,36.88,0,0,0
4.3,46.26,0,0,0
1.7,45.24,1,1,0
4.5,45.95,0,0,0
1.9,43.1,1,0,0
4.4,55.01,0,0,0
3.9,49.35,0,0,0
2.2,55.25,1,0,0
2.4,36.21,1,0,0
3.9,27.43,0,0,0
3.5,26.68,0,0,0
4,41.47,0,0,0
2.6,49.52,1,1,0
2.2,40.35,1,1,0
2.2,40.02,1,0,0
3.9,47.97,0,0,0
4.2,47.78,0,0,0
1.5,54.73,1,0,0
3.5,27.12,0,0,0
2.3,36.96,1,0,0
4,29.09,0,0,0
2.1,41.97,1,1,0
2.1,44.19,1,1,0
3.9,40.93,0,0,0
1.6,35.4,0,1,1
4.4,54.3,0,0,0
2.1,52.76,1,1,0
4.9,53.64,0,0,0
1.4,30.83,0,1,0
4,35.35,0,0,0
1.7,31.95,0,1,1
4.4,47.52,0,0,0
3.6,42.07,0,0,0
4.4,51.15,0,0,0
4,43.83,0,0,0
2,46.01,1,1,0
1.8,51.93,1,0,0
1.4,49.34,1,0,0
3.4,33.32,0,0,1
2.1,29.04,1,1,0
2.1,32.47,1,0,0
4.5,52.87,0,0,0
3.4,38.85,0,0,1
3.8,48.44,0,0,0
3.7,37.03,0,0,1
3.9,55.22,0,0,0
3.9,51.67,0,0,0
4.4,48.78,0,0,0
2,25.19,1,1,0
3.5,31.75,0,0,0
1.8,33.71,0,1,0
2.5,44.73,1,1,0
2.1,35.18,0,1,0
1.3,47.13,1,0,1
1.8,42.84,1,0,1
3.9,49.19,0,0,0
2.5,55.08,1,1,0
1.2,45.92,1,0,1
3.4,30.18,0,0,0
4.1,38.01,0,0,0
3.6,27.17,0,0,0
3.9,44.8,0,0,1
2.1,41.51,1,1,0
4,39.74,0,0,0
2,41.84,1,0,0
1.2,52.41,0,1,0
1.8,50.65,1,1,0
1.9,59.69,1,0,0
4.4,37.17,0,0,0
2.6,26.32,1,0,0
3.4,33.68,0,0,0
2.5,41.46,1,0,0
4,41.39,0,0,0
3.7,45.98,0,0,0
2.2,41.52,1,1,0
1.1,54.49,1,0,0
1.8,48.73,1,1,0
1,59.1,0,1,1
1.8,33.05,1,0,1
3.9,38.49,0,0,0
4.2,29.96,0,0,0
4.4,47.65,0,0,0
3.2,36.3,0,0,1
2,41.54,0,1,1
2.1,46.75,1,0,0
4.4,53.66,0,0,0
1.7,56.62,1,1,0
1.9,43.87,1,1,1
3.6,26.61,0,0,0
3.5,24.85,0,0,0
4,30.13,0,0,0
2,39.34,1,0,0
4,40.2,0,0,0
2.2,35.8,1,0,0
2.1,36.62,1,1,0
4.8,55.96,0,0,0
1.6,56.22,0,1,1
4.6,54.35,0,0,0
2.4,38.1,1,1,0
2.2,32.36,1,1,1
2.7,31.28,1,1,0
4,44.36,0,0,0
4.4,46.97,0,0,1
2.8,32.25,1,1,0
2,45.91,1,1,0
1.7,46.24,1,1,0
2.1,54.83,1,0,0
1.5,59.98,1,1,0
3.9,29.4,0,0,0
2.1,31.24,0,1,0
4.2,35.98,0,0,0
2,44.57,1,1,0
1.1,49.96,0,1,1
1.5,31.53,1,0,0
4.5,46.62,0,0,0
4.5,49.82,0,0,0
1.7,49.44,1,1,0
1.6,43.01,1,1,1
1.3,37.72,0,1,0
4,35.13,0,0,0
3.9,40.02,0,0,0
4.1,43.69,0,0,0
4,46.39,0,0,0
3.6,40.41,0,0,0
3.9,40.06,0,0,1
4.1,51.99,0,0,0
2.3,52.23,1,1,0
1.2,62.02,1,0,0
1.7,28.9,1,0,1
2.2,30.54,1,0,0
3.8,31.25,0,0,0
1.7,42.5,1,1,0
4.4,48.46,0,0,0
2,40.04,1,0,0
3.5,38.89,0,0,0
3.9,50.21,0,0,0
1.8,57.19,1,0,0
4.4,47.81,0,0,0
3.5,32.45,0,0,0
2.1,26.63,1,1,0
2.5,22.05,1,0,0
3.7,39.77,0,0,1
4.2,43.99,0,0,1
3.9,43.31,0,0,0
3.4,44.68,0,0,0
1.3,52.27,1,0,0
4.2,50.57,0,0,0
1.7,62.5,1,1,0
3,32.23,0,0,0
4.2,36.29,0,0,0
2.4,28.45,1,0,0
1.9,42.09,1,1,1
2.3,45.64,1,1,0
4,36.41,0,0,0
3.7,43.54,0,0,0
4.8,59.49,0,0,0
2.4,47.16,1,1,0
2.2,60.94,1,1,0
3.9,34.49,0,0,0
3.5,27.02,0,0,0
1.2,31.92,0,1,0
1.2,41.56,1,1,0
3.8,38.78,0,0,0
1.9,37.23,1,1,0
1.8,47.5,1,0,0
1.9,54.82,1,0,0
1.8,55.43,1,1,1
4.4,51.98,0,0,0
2.3,35.25,1,1,0
3.7,27.55,0,0,0
2.3,34.71,1,0,0
1.6,38.57,1,1,0
4.1,47.97,0,0,0
1.9,42.2,1,1,0
4,37.5,0,0,0
1.9,52.7,1,1,0
1.8,52.56,1,0,0
1.6,51.23,1,0,1
3.5,36.84,0,0,1
2.5,29.87,1,1,1
2.2,27.69,1,1,0
3.6,43.02,0,0,1
1.8,47.26,1,1,0
1.7,47.6,1,1,0
4.3,45.38,0,0,0
2.3,47.46,1,0,0
4.5,48.88,0,0,0
1.9,52.77,1,0,0
1.8,39.37,1,0,0
4.4,35.14,0,0,0
3.7,40.74,0,0,0
4.2,44.67,0,0,0
4,36.75,0,0,0
2.5,41.09,1,0,0
3.6,45.48,0,0,0
4,54.02,0,0,0
4.3,51.37,0,0,0
4.5,55.43,0,0,0
2,31.88,0,1,0
3.8,41.05,0,0,0
2.5,36.21,1,1,0
4.2,37.38,0,0,1
3.9,44.34,0,0,1
2.7,41.09,1,1,0
3.9,42.94,0,0,0
4.7,58.25,0,0,0
1.3,46.87,0,1,0
4.8,54.51,0,0,0
3.8,37.05,0,0,0
3.9,35.05,0,0,1
2.6,30.35,1,1,0
2.6,40,0,1,0
3.5,44.16,0,0,1
3.8,45.14,0,0,0
2.6,39.08,1,1,0
1.6,57.78,1,0,0
4,55.51,0,0,1
4,56.31,0,0,0
3.6,30.86,0,0,1
2.4,34.54,1,0,0
4,36.71,0,0,0
2.4,50.13,1,0,0
2,39.06,1,1,0
2.3,35.62,1,0,1
3.2,44.06,0,0,1
1.3,52.43,1,0,1
1,52.94,0,1,0
2,57.85,1,0,0
4.4,32.34,0,0,0
2.3,37.22,1,1,0
3.8,31,0,0,1
2,41.27,1,0,0
2.4,41.55,1,1,0
1.7,41.98,0,1,0
2.1,41.89,1,0,0
1.6,50.41,1,1,0
3.9,50.13,0,0,1
4.2,46.55,0,0,0
1.9,29.54,1,1,0
3.5,34.69,0,0,0
3.2,29.63,0,0,1
4.2,50.56,0,0,0
4,39.18,0,0,0
3.9,40.85,0,0,0
1.8,46.23,1,1,0
1,49.67,0,1,0
1.4,51.74,1,1,0
4.2,58.25,0,0,0
1.9,32.51,1,1,0
2.1,34.21,1,0,0
3.7,35.12,0,0,0
1.7,43.66,1,1,0
1.9,43.58,0,1,0
3.5,33.48,0,0,0
2.3,42.58,1,0,0
1.5,49.95,1,0,0
4.1,52.5,0,0,0
4.1,52.98,0,0,0
3.2,32.65,0,0,1
3.7,39.44,0,0,0
4,35.87,0,0,0
3.6,40.51,0,0,0
4.4,40.29,0,0,0
2.2,37.68,1,1,0
1.8,42.17,1,1,1
4.2,48.86,0,0,0
2.1,47.34,1,0,0
3.8,42.33,0,0,0
4,32.71,0,0,0
3.2,29,0,0,0
1.7,45.39,1,0,0
4.7,45.38,0,0,0
2.1,39.96,1,1,0
3.9,40.8,0,0,1
2.8,40.35,1,0,0
4.4,58.17,0,0,1
1.4,57.2,0,1,0
1.7,43.75,1,1,1
3.7,37.36,0,0,0
3.8,41.56,0,0,0
2.1,27.23,0,1,0
3.9,46.05,0,0,0
2.3,40.9,1,0,0
4.6,43.44,0,0,0
3.8,37.01,0,0,0
2.2,52.43,1,0,0
4,49.41,0,0,0
1.4,59.34,0,1,0
2.5,28.31,0,1,0
3.7,22.53,0,0,0
1.9,30.74,1,1,0
2.1,40.33,0,1,0
3.4,46.43,0,0,0
4.1,43.72,0,0,0
4.4,36.76,0,0,0
4.2,46.29,0,0,0
1.9,59.63,0,1,0
1.4,55.14,1,0,0
2.1,40.85,1,1,0
2,34.11,1,0,0
2.8,30.94,1,1,0
4.1,47.7,0,0,0
2.1,38.36,1,0,1
2.2,42.06,1,0,0
3.6,43.22,0,0,0
4.1,54.93,0,0,1
4.6,49.94,0,0,1
4.4,48.97,0,0,0
3.1,30.42,0,0,0
3,24.16,0,0,0
2.4,31.57,0,1,0
2.1,46.48,1,1,0
2.3,42.18,1,0,0
4.4,43.21,0,0,0
1.6,38.87,1,1,0
2.2,51.67,1,1,0
4.1,64.1,0,0,0
1.8,52.4,0,1,1
2.4,27.26,1,1,0
2.4,37.31,1,1,0
4,28.96,0,0,0
3.7,42.52,0,0,1
3.9,40.2,0,0,0
4.7,50.77,0,0,0
4.6,45.88,0,0,0
1,56.19,0,1,0
3.9,53.64,0,0,0
1.7,57.73,1,1,0
2.9,30.95,1,1,0
2,29.52,0,1,0
3.5,32.39,0,0,0
3.5,47.44,0,0,0
1.8,41.74,1,0,0
3.8,41.82,0,0,1
3.9,41.53,0,0,0
1.3,56.64,0,1,1
2.2,63.34,1,1,0
3.7,45.29,0,0,0
3.7,34.03,0,0,1
4.1,33.41,0,0,0
2.3,33.01,1,0,0
2,47.1,1,0,0
4,45.64,0,0,0
2.1,42.85,1,0,1
3.5,32.97,0,0,0
1.6,52.77,1,0,0
1.7,42.88,1,0,0
2,62.63,1,1,0
4.1,38.5,0,0,0
3.6,30.63,0,0,0
1.6,32.13,1,0,0
3.8,39.28,0,0,0
3.4,34.19,0,0,1
2.9,40.21,1,1,0
1.4,51.57,1,0,1
1.7,50.35,1,0,0
4.2,57.66,0,0,0
1.6,51.72,1,0,0
2.5,33.06,0,1,0
3.8,29.9,0,0,0
1.9,33.31,0,1,0
1.9,49.38,1,1,0
3.8,42.64,0,0,0
3.2,37.09,0,0,0
1.8,35.59,1,1,0
2.1,48.36,0,1,0
1.7,52.98,1,0,0
4.8,56.02,0,0,0
3,25.82,0,0,0
1.7,33.19,0,1,1
1.6,28.15,1,1,0
1.9,45.85,1,1,0
2,35.37,1,1,1
4.5,43.3,0,0,0
1.8,38.9,0,1,0
1.1,57.74,0,1,0
2.6,45.52,1,0,0
1.6,50.58,0,1,0
3.8,33.9,0,0,1
4.1,33.72,0,0,0
2.3,40.01,1,1,0
4.2,45.17,0,0,0
3.8,38.11,0,0,0
3.9,39.37,0,0,0
3.4,39.92,0,0,1
4,54.89,0,0,0
3.9,52.03,0,0,1
3.5,46.69,0,0,1
3.6,34.67,0,0,0
1.5,36.97,1,1,0
3.7,38.47,0,0,0
4,50.12,0,0,0
2.5,38.43,0,1,0
1.6,44.56,0,1,0
2.4,42.34,1,0,0
1.8,49.36,1,0,0
1.8,58.36,1,1,0
1.6,48.7,1,0,0
2,32.27,1,1,1
2.4,33.09,1,1,1
2,27.19,0,1,0
4.1,42.07,0,0,1
3.4,41.63,0,0,1
1.8,37.66,1,0,0
4.1,40.54,0,0,0
4.4,47.87,0,0,0
3.4,50.57,0,0,1
1.6,51.35,1,0,1
3.9,36.27,0,0,0
2.3,32.98,1,1,0
2.6,38.63,1,1,0
3.7,47.94,0,0,0
3.8,47.67,0,0,0
1.9,46.25,1,0,0
2.2,45.81,1,1,0
1.8,60.46,1,1,0
1.1,47.59,0,1,1
4.6,53.63,0,0,0
1.9,37.19,1,1,0
2.4,22.15,1,0,0
3.9,35.32,0,0,0
1.9,43.06,1,1,0
4.3,44.06,0,0,0
1.9,37.69,1,0,0
1.5,44.75,1,0,0
1.7,54,1,0,0
1,61.36,0,1,1
1.7,52.85,1,1,0
4.2,34.88,0,0,0
3.5,30.77,0,0,0
3.9,35.27,0,0,0
1.7,50.64,1,1,0
2.1,41.05,0,1,0
1.8,46.45,1,0,0
2.2,45.07,1,0,0
1.3,58.21,0,1,0
2.6,50.93,1,0,0
1.4,55.06,1,0,1
2.2,31.66,0,1,0
3.6,37.39,0,0,0
2.3,30.12,0,1,0
4.8,48.58,0,0,0
4,44.88,0,0,0
3.9,39.29,0,0,0
2,40.3,1,0,0
4.9,53.23,0,0,0
1.2,53.1,1,1,0
4.2,49.33,0,0,0
4.2,27.8,0,0,0
3.4,30.86,0,0,0
3.5,37.25,0,0,0
4,47.64,0,0,0
1.7,40.43,1,1,0
2.4,41.74,1,0,1
4.2,54.31,0,0,0
4.8,51.92,0,0,0
3.7,54.97,0,0,0
4.1,51.4,0,0,0
3.8,26.1,0,0,0
3.9,38.7,0,0,1
2.9,23.93,0,0,1
1.1,38.63,0,1,0
2.3,32.5,1,0,0
2.4,41.2,1,0,0
4.3,48.78,0,0,0
4,55.26,0,0,0
2,45.72,1,0,0
4.8,55.32,0,0,0
3.4,29.74,0,0,0
1.9,33.47,1,1,1
2.4,36.46,1,0,0
4.2,43.14,0,0,1
3.8,42.02,0,0,1
1.6,50.57,0,1,1
2.3,40.81,1,1,0
2.4,53.31,1,1,0
1.5,58.92,1,1,1
1.4,52.95,1,0,0
1.9,33.95,1,0,0
2.3,33.46,1,1,0
1.9,37.92,0,1,1
1.5,58.96,1,1,0
4.3,46.58,0,0,0
3.4,33.78,0,0,0
2,42.31,1,1,0
4,56.36,0,0,0
3.8,56.83,0,0,0
1.8,49.34,1,0,0
2,38.69,1,1,0
2.9,26.33,1,0,0
3.8,33.88,0,0,0
4.6,48.29,0,0,0
2.3,42.7,1,1,0
2.4,38.38,1,1,0
1.7,47.27,1,0,0
1.3,53.33,1,0,1
1.7,47.37,1,1,0
4.1,46.14,0,0,0
2.5,33.5,1,0,1
2,31.57,0,1,0
3.5,31.32,0,0,1
1.9,43.9,1,1,1
3.4,38.14,0,0,0
2.1,39.86,1,1,0
4.1,44.06,0,0,0
4.6,52.85,0,0,0
3.8,47.07,0,0,0
2.2,43.5,1,0,0
3.5,27.05,0,0,0
3.3,33.02,0,0,0
4.1,36.68,0,0,0
2.3,47.82,1,1,0
3.5,36.39,0,0,0
3.9,41.44,0,0,0
1.8,42.11,0,1,0
1.2,61.52,0,1,1
4.5,55.38,0,0,0
4.4,57.35,0,0,0
2.1,31.56,0,1,0
3.7,35.15,0,0,0
4.6,35.27,0,0,0
4.3,38.38,0,0,0
3.6,41.82,0,0,0
4.2,42.92,0,0,0
1.5,47.56,1,1,0
2.6,50.94,1,1,0
4.6,51.12,0,0,0
1.7,49.57,1,0,0
2.8,35.67,1,0,1
3.5,29.36,1,1,0
2.2,32.82,1,0,0
1.9,40.14,1,1,0
3.8,42.65,0,0,0
3.6,39.81,0,0,0
2.2,42.5,0,1,0
3.8,51.57,0,0,0
2.4,49.8,1,0,0
4.3,55.04,0,0,0
2.4,31.43,1,0,0
3.8,36.48,0,0,0
3.8,33.58,0,0,0
4.4,50.57,0,0,0
3.6,41.75,0,0,1
2.6,45.37,1,1,0
1.9,48.97,1,1,0
1.6,53.54,1,1,0
4.7,55.06,0,0,0
1.4,57.51,1,0,0
1.9,28.39,0,1,1
2.6,33.71,1,1,0
3.8,32.78,0,0,0
2.3,49.62,0,1,0
4.5,45.03,0,0,0
1.9,41.31,1,1,0
4.4,44.04,0,0,0
4.8,56.76,0,0,1
4.2,54.44,0,0,1
4.6,56.02,0,0,0
4.1,24.63,0,0,0
3.2,19.72,0,0,0
3.6,32.18,0,0,0
2.1,39.64,1,0,0
1.9,42.04,1,1,1
4.6,42.6,0,0,0
2,41.68,1,0,0
1.3,56.48,1,0,0
1.5,55.63,1,0,0
1.3,47.21,0,1,1
2.6,23.98,1,1,0
3.8,32.77,0,0,0
2.3,28.99,0,1,0
3.8,46.22,0,0,0
1.8,42.39,1,0,1
2.3,50.9,1,0,0
2,36.59,1,0,0
4,49.35,0,0,0
1.8,52.73,1,0,0
3.7,57.18,0,0,1
1.7,33.59,1,1,0
3.4,31.04,0,0,0
2.6,36.29,1,0,0
3.9,43.07,0,0,0
2.2,36.29,1,1,1
4.1,43.4,0,0,0
3.4,35.5,0,0,0
4.5,50.91,0,0,0
4,48.96,0,0,0
1.7,50.54,0,1,0
3.2,27.37,0,0,1
2.3,31.87,1,1,0
3.6,37.39,0,0,0
2.4,40.06,1,1,0
2.6,35.79,1,0,0
3.4,39.83,0,0,1
3.8,44.37,0,0,0
2.1,53.29,1,0,0
1.5,57.65,1,1,0
1.4,59.77,1,0,0
2.2,29.17,1,1,0
3.7,25.74,0,0,0
3.7,29.45,0,0,0
3.3,35.92,0,0,0
3.9,39.92,0,0,0
1.5,34.72,1,1,1
3.6,43.69,0,0,0
1.6,49.19,0,1,0
1.6,54.59,1,0,1
4.5,59.64,0,0,0
2.3,35.45,1,1,0
2.1,33.3,1,1,0
2.1,31.14,1,0,0
1.3,50.37,0,1,0
4,44.44,0,0,1
3.5,36.77,0,0,0
1.4,49.27,0,1,1
1.4,56.84,1,0,0
4.5,50.71,0,0,0
4.2,48.88,0,0,0
1.7,35.61,0,1,0
2,40.2,0,1,0
3.3,27.21,0,0,0
4,45.57,0,0,0
2,44.67,1,1,0
2.3,47.09,1,1,0
3.2,33.16,0,0,0
4.6,52.45,0,0,0
4.3,50.58,0,0,0
1.9,51.88,1,1,0
3.7,28.66,0,0,1
3.3,33.02,0,0,1
2.1,30.56,1,0,0
4.5,50.81,0,0,0
1.9,52.36,1,0,0
1.6,40.62,1,1,0
4.1,40.73,0,0,0
1.5,62.15,1,0,0
4.7,51.24,0,0,0
4.5,57.6,0,0,0
2.3,29.48,1,1,0
3.6,33.03,0,0,1
3.8,32.32,0,0,0
2,45.34,1,0,0
3.6,40.08,0,0,0
3.7,37.69,0,0,0
3.3,35.74,0,0,0
4.9,57.03,0,0,0
4.2,60.3,0,0,0
1.3,52.78,1,1,0
3.3,34.95,0,0,0
3.4,31.59,0,0,0
3.7,37.85,0,0,0
2.2,43.93,1,1,0
1.7,51.76,1,0,1
1.6,43.84,0,1,0
3.7,42.5,0,0,0
2,52.47,1,1,0
1.3,50.76,1,1,0
1.5,60.18,1,0,0
2.4,34.06,1,0,0
3.8,32.1,0,0,0
2.4,31.28,1,0,0
4.1,48.84,0,0,0
1.9,39.79,1,0,1
3.9,43.93,0,0,0
2.1,42.39,0,1,1
4.3,60.45,0,0,0
1,53.31,1,1,0
4.4,57.17,0,0,0
2.4,26.08,0,1,0
2.4,33.36,1,1,0
3.7,34.11,0,0,0
2.7,44.4,1,1,0
3.6,44.82,0,0,1
1.8,41.13,0,1,0
2.1,41.4,1,0,0
4,50.74,0,0,0
1.7,52.38,1,1,0
3.8,54.74,0,0,1
2.3,35.19,1,1,0
2.5,33.67,1,1,0
2.2,28.61,1,0,0
1.6,47.9,1,0,0
1.7,43.01,1,1,0
2.6,37.07,1,1,0
3.7,37.35,0,0,0
1.2,56.5,0,1,0
3.8,55.99,0,0,0
1.6,58.1,1,1,1
2.1,31.86,0,1,0
2,41.05,1,0,0
2.1,40.19,1,1,0
3.8,38.95,0,0,0
4,35.78,0,0,0
2.8,43.61,1,1,0
3.8,42.9,0,0,1
4.5,58.07,0,0,0
1.5,58.17,0,1,0
4.1,47.59,0,0,1
2.6,32.34,1,0,0
4.1,32.86,0,0,0
3.5,32.7,0,0,0
2,54.57,1,0,0
4.4,44.89,0,0,0
1.5,45.13,0,1,0
3.9,44.35,0,0,0
4.3,55.73,0,0,1
2,56.33,1,0,1
4.1,50.42,0,0,0
4.2,34.74,0,0,0
1.9,31.92,1,1,0
2.5,30.04,1,1,0
2.2,43.73,1,0,0
2.6,33.42,1,0,0
1.8,39.46,1,1,0
1.9,35.3,1,0,0
4.3,55.68,0,0,0
1.4,48.9,0,1,0
4.4,53.87,0,0,0
3.3,30.03,1,1,0
3.5,29.29,0,0,1
2.2,30.34,1,1,0
1.7,43.9,0,1,0
3.5,38.13,0,0,0
4.1,44.11,0,0,0
1.7,48.22,1,1,0
4.1,52.36,0,0,1
1.4,55.5,0,1,0
3.9,53.19,0,0,0
2.1,33.34,1,1,0
2.2,35.46,1,1,0
1.8,28.69,0,1,0
3.7,43.6,0,0,1
2.2,39.18,1,1,0
4.1,41.75,0,0,0
3.6,38.71,0,0,0
1.5,48.62,1,0,0
1.4,50.43,0,1,0
4,56.63,0,0,0
3.8,32.97,0,0,0
3.9,31.76,0,0,0
2.1,29.64,0,1,0
1.7,40.11,1,1,0
2.6,39.68,1,1,0
1.8,43.77,1,0,0
4.4,41.21,0,0,0
1.9,57.8,1,0,0
4.4,58.77,0,0,0
3.6,47.34,0,0,1
2.5,27.35,1,1,0
2,34.82,0,1,0
3.6,34.02,0,0,1
1.8,50.29,1,0,0
2.3,43.87,1,1,0
3.8,40.2,0,0,0
2.5,44.37,1,0,0
4.4,49.08,0,0,0
1.7,50.19,1,1,0
4.1,49.62,0,0,0
2.1,30.63,1,1,0
2,34.97,1,0,0
2.1,28.68,1,0,1
4.1,39.73,0,0,0
2.5,33.35,1,1,0
1.8,39.57,1,0,0
3.5,38.1,0,0,0
3.8,51.2,0,0,0
4.4,57.29,0,0,0
4,52.49,0,0,0
3.2,31.58,0,0,0
3.5,29.94,0,0,1
2.3,36.33,1,1,0
3.5,46.48,0,0,1
1.9,46.68,1,0,1
2.3,46.08,1,1,0
2.2,41.73,1,1,1
2,48.14,1,1,0
1.9,51.13,1,1,0
1.3,50.52,0,1,0
2.2,38.69,0,1,1
1.7,34.32,1,1,1
2.4,27.32,1,0,0
1.6,43.94,1,0,0
2.3,36.08,1,1,1
1.5,46.21,0,1,0
3.4,37.16,0,0,0
4,57.43,0,0,0
2,56.71,1,0,0
1.3,56.56,1,1,1
1.5,31.7,0,1,1
2.4,31.56,1,0,0
3,29.26,0,0,0
1.4,49.81,0,1,1
2.5,40.35,1,0,0
4,49.45,0,0,0
1.8,45.76,1,0,0
4.2,58.2,0,0,0
4,51.04,0,0,0
4.4,54.11,0,0,0
3.9,41.02,0,0,1
4.1,37,0,0,0
3.9,37.34,0,0,0
2.4,44.23,1,0,0
4.2,42.28,0,0,0
3.7,42.46,0,0,0
2.1,39.36,1,1,0
4.6,54.4,0,0,0
4.2,52.43,0,0,0
4.5,48.02,0,0,0
2.7,25.22,1,1,0
2.4,35.67,1,0,0
2.5,30.22,1,0,0
1.5,43.86,1,0,0
4,44.24,0,0,0
2.4,48.04,1,1,0
3.9,44.85,0,0,0
4.3,57.46,0,0,0
1.9,46.99,1,0,0
1.7,47.78,0,1,0
2.2,26.27,1,1,1
3.9,34.82,0,0,1
2.2,33.8,1,0,0
1.4,50.12,0,1,0
4.1,46.27,0,0,0
2.1,45.15,1,1,0
3.8,37.17,0,0,0
2.1,52.67,1,0,0
2.3,53.34,1,1,0
4.1,53.7,0,0,1
4,31.77,0,0,0
1.8,28.45,1,0,0
3.4,29.38,0,0,0
4.1,46.24,0,0,0
1.6,45.27,0,1,1
4.2,41.89,0,0,0
4.1,36.9,0,0,0
3.8,49.67,0,0,0
1.6,57.55,0,1,0
1.9,53.51,1,1,0
4,30.73,0,0,0
1.7,37.16,1,1,0
3.5,29.67,0,0,0
3.8,41.44,0,0,0
2.2,42.85,1,0,1
2.6,38.32,1,0,0
1.9,44.37,0,1,0
3.8,45.94,0,0,0
2,50.92,1,0,0
4.2,50,0,0,0
1.9,29.52,1,0,0
2.6,25.39,1,0,0
3.4,33.22,0,0,0
2.3,42.92,1,1,0
2.1,35.93,1,0,0
2.2,39.88,1,0,0
3.7,38.67,0,0,0
1.5,57.25,1,0,0
4.5,47.28,0,0,1
1.3,57.57,1,1,0
3.4,31.63,0,0,1
3.9,31.42,0,0,0
1.9,34.53,1,0,0
2.2,44.69,1,1,0
2.2,44.97,1,0,0
3.9,39.01,0,0,0
1.7,40.6,1,0,0
1.7,56.72,1,1,0
1.9,56.09,1,0,0
3.7,50.52,0,0,0
3.2,31.28,0,0,0
3,28.08,0,0,0
3,22.61,0,0,0
3.8,42.17,0,0,0
3.4,37.64,0,0,1
2.1,41.45,1,0,0
1.9,44.44,0,1,0
4.7,56.63,0,0,0
1.8,56.93,1,1,0
1.9,48.45,1,1,1
3.8,26.88,0,0,0
4,38.18,0,0,0
2.1,23.67,0,1,0
4.7,52.55,0,0,0
2,41.41,1,0,0
2.2,42.04,1,0,0
3.8,42.59,0,0,0
3.9,51.77,0,0,0
1.5,51.02,1,1,0
4.4,58.11,0,0,0
2.5,29.16,1,1,1
3.8,35.74,0,0,0
3.5,29.22,0,0,0
2.4,49.03,1,0,0
2.2,45.12,0,1,0
2,38.96,1,0,0
1.7,43.79,1,1,0
1.9,57.26,1,0,0
4.3,53.8,0,0,1
4.2,50.63,0,0,0
3.3,28.75,0,0,0
3.9,36.23,0,0,0
1.1,37,1,0,0
4.3,51.52,0,0,0
3.5,37.68,0,0,0
3.4,40.66,0,0,0
2.1,37.83,1,1,1
3.9,48.39,0,0,0
4.6,58.34,0,0,0
3.8,55.43,0,0,1
4,27.4,0,0,0
3.7,32.9,0,0,0
3.4,27.59,0,0,1
1,44.2,0,1,1
1.9,37.61,1,1,0
2.4,44.14,1,0,0
4.1,36.75,0,0,0
4,52.82,0,0,0
2,48.83,1,0,0
4.4,63.79,0,0,0
3.3,26.53,0,0,0
3.6,25.89,0,0,0
3.6,33.13,0,0,0
3.8,46.62,0,0,0
2,36.4,0,1,0
1.6,38.52,0,1,1
1.9,46.84,1,0,0
4,47.94,0,0,0
1.9,47.89,0,1,0
4,51.56,0,0,0
2.3,30.49,1,0,0
3.9,31.87,0,0,0
2.2,34.34,1,1,0
1.6,48.81,1,1,0
1.8,38.88,0,1,0
1.6,40.96,1,0,0
2,43.28,1,0,0
1.2,55.02,1,1,0
1.7,45.36,0,1,0
4.5,56.32,0,0,0
1.5,40.21,1,1,1
2.2,27.82,0,1,0
2.1,31.3,1,1,0
3.5,50.17,0,0,0
3.6,38.6,0,0,0
2.3,39.79,1,1,0
4.2,41.57,0,0,0
4.2,50.95,0,0,0
4.3,53.23,0,0,0
4.1,55.41,0,0,0
4.1,38.31,0,0,0
3.2,28.32,0,0,0
2.5,31.26,1,1,0
1.5,48.97,0,1,0
2.4,43.26,1,0,0
3.8,42.17,0,0,0
2.5,46.04,1,1,0
4,56.33,0,0,0
4.5,49.77,0,0,0
2,59.66,1,1,0
3.5,33.39,0,0,0
3.6,34.36,0,0,0
4,32.37,0,0,1
1,42.13,0,1,1
1.6,42.48,1,0,0
4.3,42.52,0,0,0
2.2,44.63,1,0,0
1.9,48.26,0,1,0
2,59.99,1,0,0
2.1,51.97,1,1,0
2.6,35.3,1,1,0
4.1,34.18,0,0,0
2.4,28.42,1,1,0
3.9,44.06,0,0,1
2.5,31.34,0,1,0
1.9,44.57,1,0,1
3.8,43.89,0,0,0
2.7,53.11,1,1,0
4.9,53.16,0,0,0
1.5,55.59,1,1,1
4,28.27,0,0,0
1.9,31.52,0,1,0
2.5,27.22,1,1,1
4.4,41.89,0,0,0
2.2,36.7,1,1,0
2.4,41.62,1,1,0
3.8,37.8,0,0,1
4.2,52.67,0,0,0
1.1,53.25,0,1,0
1.5,51.32,0,1,0
1.9,32.92,1,1,0
2.1,33.93,1,1,1
2,23.55,0,1,0
4.5,51.11,0,0,0
4.3,46.01,0,0,0
2.5,44.25,1,0,0
2.3,46.84,1,1,0
2,55.07,1,1,0
4.2,48.7,0,0,0
4.2,50.26,0,0,0
3.2,32.45,0,0,0
2.8,34.92,1,1,0
1.2,32.96,0,1,1
3.9,44.94,0,0,0
3.9,38.39,0,0,0
1.7,43.21,1,1,0
2.9,45.04,1,1,0
4.5,51.03,0,0,0
4.3,47.82,0,0,0
1.6,55.83,1,1,0
1.9,34.82,1,1,0
3.5,32.2,0,0,0
4,36.74,0,0,0
4.1,44.17,0,0,0
3.4,39.79,0,0,0
2.1,45.09,1,0,0
3.7,41.22,0,0,0
2,49.72,1,1,0
4.1,50.4,0,0,0
1.7,50.16,0,1,0
3.6,28.98,0,0,0
1.6,35.96,0,1,0
2.8,30.13,1,1,0
2,43.66,1,0,0
4,39.68,0,0,0
1.9,40.63,1,1,0
1.8,41.97,1,1,0
2.7,55.29,1,1,0
4.7,53.28,0,0,0
1.7,54.5,1,1,0
2.6,30.09,1,0,0
3.7,31.43,0,0,0
1.9,33.7,1,1,1
3.7,44.44,0,0,0
1.8,44.59,0,1,0
1.5,41.49,1,1,0
3.6,45.84,0,0,1
1.6,51.72,1,1,0
4.3,56.56,0,0,0
1.9,57.28,1,1,0
3.3,30.56,0,0,0
2.3,42.07,1,0,0
2.4,28.02,0,1,0
2.1,46.02,1,0,0
1.5,51.43,1,0,0
2.2,34.19,1,1,1
4.2,38.6,0,0,0
1.5,50.8,1,0,0
1.8,45.64,1,0,0
4.1,52.64,0,0,0
2.4,30.44,1,1,0
3.4,26,0,0,0
3.4,28.84,0,0,0
1.2,50.56,0,1,0
1.7,48.82,1,0,0
2.5,38.09,1,1,0
4.7,44.48,0,0,0
3.9,46.3,0,0,1
1.2,55.33,1,1,0
3.9,54.41,0,0,0
2.4,26.72,1,1,0
1.6,29.41,1,1,0
4.1,31.89,0,0,0
4.3,51.81,0,0,0
2.2,46.17,1,0,0
4.1,40.85,0,0,0
2.2,35.95,1,0,1
2,54.87,1,0,0
2.2,47.11,1,0,0
3.9,36.4,0,0,0
3.4,35.12,0,0,0
4.2,36.86,0,0,0
2.2,33.16,1,0,0
3.5,40.93,0,0,0
1.3,42.02,0,1,1
2.3,40.49,1,0,0
3.7,40.79,0,0,0
2.1,45.6,1,1,0
4.8,54.59,0,0,0
1.7,55.23,1,0,0
1.9,40.92,1,1,0
2.3,40.07,1,1,0
3.7,35.94,0,0,1
2,45.1,1,0,0
1.4,43.42,1,0,1
1.5,45.37,1,1,1
1.5,45.39,1,1,1
2.2,46.67,1,0,0
1.9,53.9,1,0,0
2.1,47.33,1,0,0
1.9,35.99,1,0,0
2,30.11,0,1,0
4,37.08,0,0,0
1.6,43.75,1,0,1
1.7,48.35,1,0,0
2,37.37,1,1,0
2.1,47.18,1,0,0
2.3,51.59,1,0,0
1.8,45.43,1,0,0
4,55.7,0,0,0
1.9,31.41,1,1,0
3.1,26.26,0,0,0
3.5,30.23,0,0,0
4.2,43.16,0,0,0
3.6,35.16,0,0,0
2.3,45.21,1,0,0
3.7,37.59,0,0,0
4.4,54.54,0,0,0
4.7,56.52,0,0,0
1.7,41.53,1,1,0
2.7,35.88,1,0,0
2.3,32.23,1,0,0
1.7,33.73,1,0,1
1.6,55.04,0,1,0
3.3,37.83,0,0,1
1.9,38.18,0,1,0
4.2,44.35,0,0,0
3.9,55.51,0,0,0
4.1,55.59,0,0,1
3.8,48.26,0,0,1
3.7,27.99,0,0,0
3.1,29.18,0,0,0
2.4,36.83,1,1,0
1.9,44.7,1,0,1
4,41.23,0,0,0
4,37.97,0,0,0
2.4,38.74,0,1,0
1,53.9,0,1,1
1.8,43.34,1,1,0
2.1,51.02,1,0,1
3.2,27.8,0,0,0
3.7,37.03,0,0,0
2.2,34.95,1,1,1
2.2,44.71,1,1,0
3.7,46.15,0,0,0
4.5,45.39,0,0,0
1.9,39.6,1,0,0
3.8,52.71,0,0,0
4.4,53.05,0,0,1
2,57.12,1,0,0
3.5,27.63,0,0,0
3.9,29.77,0,0,1
3.7,34.91,0,0,0
1.5,38.4,0,1,0
1.6,45.17,0,1,0
1.4,48.28,0,1,0
2.2,43.29,1,0,0
2.1,59.63,1,1,0
4.4,52.71,0,0,0
3.8,46.67,0,0,0
2,36.94,1,1,0
3.4,31.45,0,0,1
2.4,35.68,1,1,0
2.3,42.7,1,1,0
2.6,38.68,1,1,0
4.7,46.66,0,0,0
3.8,40.82,0,0,0
4.8,51.41,0,0,0
2.1,47.44,1,1,0
4.3,49.25,0,0,0
2,32.49,1,0,0
4.2,36.26,0,0,0
3.9,37.95,0,0,0
4.1,43.38,0,0,0
3.8,42.51,0,0,0
3.5,41,0,0,0
3.6,41.34,0,0,0
4.1,54.2,0,0,0
4.1,47.32,0,0,0
1.4,54.99,0,1,0
2.7,33.59,1,1,0
4,36.04,0,0,0
2.7,33.36,1,0,0
2.2,46.69,1,1,0
4.1,42.03,0,0,0
4.4,41.52,0,0,0
4.2,44.61,0,0,0
4.3,46.78,0,0,0
4.3,50.79,0,0,1
1.8,51.83,1,0,0
3.4,35.47,0,0,0
3.4,34.25,0,0,1
3.4,30.55,0,0,1
1.5,48.9,1,1,0
1.8,35.67,1,1,0
1.7,39.64,1,0,0
2.1,44.05,1,0,0
4,55.33,0,0,1
4,52.83,0,0,1
1.7,54.37,0,1,0
2,36.77,0,1,0
2.1,35.79,1,1,1
3.9,27.93,0,0,0
2,51,1,1,0
2.3,45.41,0,1,0
4.2,43.47,0,0,0
3.6,36.21,0,0,0
1.9,50.31,1,0,1
1.7,54.39,1,0,1
4.2,52.3,0,0,0
4.2,36.34,0,0,0
3.2,28.73,0,0,0
2,34.58,0,1,0
1.8,45.14,1,0,0
2,39.16,0,1,0
4.3,39.49,0,0,0
2.2,42.24,1,1,0
1.7,55.25,1,0,0
4.2,49.93,0,0,0
1.1,54.68,0,1,0
2.1,22.77,1,1,0
2.5,29.5,1,1,0
3.5,34.7,0,0,0
3.8,48.81,0,0,0
3.7,41.76,0,0,1
1.6,39.08,1,1,0
4.6,48.87,0,0,0
3.9,54.64,0,0,1
1.9,55.18,1,0,1
4,53.23,0,0,0
1.9,35.21,0,1,0
1.6,29.63,0,1,1
3.6,37.29,0,0,0
3,34.35,0,0,0
2.6,37.86,1,1,0
2.3,37.15,1,1,0
4.5,44.7,0,0,0
4.4,54.12,0,0,0
1.6,55.94,1,1,0
1.7,50.36,1,1,0
3.9,32.39,0,0,0
4.1,38.27,0,0,0
3.6,32.68,0,0,0
2.2,32.48,1,1,0
1.8,43.14,1,1,1
4,40.05,0,0,0
4.2,41.53,0,0,0
4.6,53.43,0,0,0
4.7,60.9,0,0,0
4.3,49.81,0,0,0
1.7,32.62,0,1,0
2.1,33.69,1,0,0
3.1,32.48,0,0,0
2.1,42.86,1,0,1
3.8,37.62,0,0,0
1.8,47.28,1,0,0
1.8,50.81,1,1,0
4.1,52.79,0,0,0
4.3,55.85,0,0,0
4.7,55.23,0,0,0
2.1,27.82,1,1,1
1.8,42.73,1,1,0
2,33.8,1,0,0
1.7,41.84,1,0,0
3.5,38.03,0,0,1
4.1,39.23,0,0,0
3.5,40.96,0,0,0
3.9,50.83,0,0,0
1.4,58.19,1,1,1
1.6,57,1,1,0
3.6,36.41,0,0,0
3.8,29.52,0,0,0
3.5,36.88,0,0,0
4.1,43.6,0,0,0
4.2,39.11,0,0,0
4,40.55,0,0,0
1.9,32.38,1,1,1
1.4,56.19,1,0,0
1.5,52.21,1,1,0
2.8,52.7,1,1,0
3.5,28.36,0,0,0
3.6,30.75,0,0,0
2.4,35.38,1,1,0
4,45.23,0,0,1
1.9,39.49,1,1,0
3.7,36.77,0,0,0
4.3,43.84,0,0,0
1.6,59.08,0,1,0
4.5,56.04,0,0,0
1.2,52.3,1,0,0
2.8,27.55,0,0,0
3.6,30.08,0,0,0
3.8,36.26,0,0,1
3.9,44.17,0,0,1
2.2,39.22,1,0,0
3.8,37.03,0,0,0
1.8,51.26,1,0,0
2,48.74,1,0,0
4,48.38,0,0,0
4.3,57.48,0,0,0
3.3,36.6,0,0,0
2,31.2,1,0,0
2.4,37.12,1,1,1
4.2,49.66,0,0,0
3.9,35.35,0,0,0
4.1,46.3,0,0,0
3.6,41.07,0,0,1
4.1,49.18,0,0,0
4.1,50.51,0,0,0
4.6,49.89,0,0,0
1.9,37.83,1,1,0
3.5,31.71,0,0,1
2.3,28.69,1,1,0
2.4,46.97,1,1,0
1.6,40.42,1,1,1
4.2,40.68,0,0,0
4.1,47.45,0,0,0
4.3,53.57,0,0,0
1.8,52.19,0,1,0
1.5,56.9,0,1,0
2.2,38.06,1,0,0
3.5,31.91,0,0,0
4,33.78,0,0,0
2.3,46.59,1,1,0
3.6,46.57,0,0,0
4.5,48.81,0,0,0
1.9,37.11,1,1,0
4.4,54.77,0,0,0
1.5,55.28,1,0,0
4.2,49.83,0,0,0
3.5,34.02,0,0,0
2.6,31.73,1,0,0
2.6,31.52,1,0,0
4.1,47.48,0,0,0
2.2,42.53,1,1,1
3.9,37.4,0,0,0
3.8,42.75,0,0,0
1.6,53.87,1,1,0
1.9,50.02,1,0,0
4.5,57.22,0,0,0
2.2,28.46,1,1,1
3.5,30.74,0,0,0
1.5,39.15,1,1,0
3.9,46.5,0,0,0
4.3,42.56,0,0,0
3.4,46.48,0,0,0
3.8,36.9,0,0,0
1.4,55.76,1,1,0
2.2,50.19,1,1,0
1.8,53.26,1,1,0
3.8,31.71,0,0,0
1.8,33.18,0,1,1
4.1,35.37,0,0,0
3.9,42.7,0,0,0
3.8,41.94,0,0,0
2.1,44.83,1,0,0
4.1,45.69,0,0,0
4.2,51.02,0,0,0
1.3,50.06,1,1,0
1.4,47.58,0,1,0
4.1,41.7,0,0,0
3.3,33.87,0,0,1
3.8,31.48,0,0,1
4.1,39.05,0,0,0
2.1,35.28,1,0,0
1.7,44.86,1,0,0
1.6,45.79,0,1,0
1.3,55.72,0,1,0
1.7,53.95,1,0,0
4.2,58.82,0,0,1
1.7,38.43,1,0,0
3.2,29.97,1,1,0
1.9,42.83,1,0,0
2,40.78,1,0,0
4,42.24,0,0,0
3.4,35.53,0,0,0
1.8,40.37,0,1,0
3.7,51.59,0,0,0
1.6,54.93,0,1,0
1.7,50.18,1,0,0
2.3,28.07,1,1,0
3.8,37.19,0,0,0
3.9,40.03,0,0,0
3.8,45.31,0,0,0
4,41.37,0,0,0
4.8,45.05,0,0,0
2.7,40.64,0,0,1
1.7,48.49,0,1,0
2.3,50.16,1,0,0
1.3,52.55,1,1,1
3.7,40.77,0,0,0
4.5,31.42,0,0,0
2.7,30.8,1,1,0
4.6,45.48,0,0,0
3.6,43.07,0,0,0
4.7,43.26,0,0,0
2,40.41,1,1,0
3.9,47.93,0,0,0
4.3,51.96,0,0,0
1.9,53.84,1,0,0
4,39.16,0,0,0
2.5,32.62,1,1,0
4.2,36.64,0,0,0
1.6,46.76,1,1,0
3.9,45.5,0,0,0
4.4,40.45,0,0,0
3.9,40.56,0,0,1
4.2,52.34,0,0,0
3.9,61.53,0,0,0
4,47.32,0,0,0
2.2,22.59,1,0,0
2.6,31.35,1,0,0
2.1,33.08,1,0,0
1.9,50.65,1,0,0
3.2,43.14,0,0,1
1.6,41.22,1,1,0
1.3,42.47,0,1,0
4.7,52.14,0,0,0
1.8,58.55,1,0,0
2,60.93,1,0,0
2.3,34.74,1,0,0
2.1,34.72,1,0,0
2.3,37.2,1,0,1
2,39.96,1,0,0
2.3,38.34,1,1,0
3.5,41.47,0,0,0
2.2,39.18,1,1,1
4.3,51.68,0,0,0
2.2,49.3,1,1,0
1.5,54.75,1,1,1
2.4,27.08,1,1,1
3.4,27.24,0,0,0
2.3,30.88,1,1,0
1.9,49.55,1,1,0
1.5,41.14,0,1,0
4.5,49.94,0,0,0
2.4,39.19,1,1,0
2.1,43.22,1,1,1
3.9,56.39,0,0,0
1.8,48.3,1,0,0
3.4,29.81,0,0,0
1.6,36.98,1,1,1
2.5,32.25,1,0,0
4.5,45.15,0,0,0
3.7,40.24,0,0,0
4.1,38.56,0,0,0
4.2,42.23,0,0,1
4.4,48.04,0,0,0
4.2,54.32,0,0,0
2,55.29,1,0,0
2,31.05,1,1,0
3.5,30.2,0,0,1
2,36.62,0,1,0
1.8,46.73,0,1,0
2.9,35.7,1,1,0
3.6,50.48,0,0,1
3.8,45.93,0,0,0
3.9,43.93,0,0,0
1.5,55.54,1,1,1
4,51.06,0,0,0
2.1,33.81,1,0,0
2.1,37.2,1,1,0
3.5,27.73,0,0,0
2.3,41.75,1,0,0
2,38.7,1,0,0
2,45.49,1,0,0
2.2,46.66,1,0,0
4,44.01,0,0,0
4,53.31,0,0,1
1.7,50.88,1,0,0
3.2,33.5,0,0,0
4.2,37.74,0,0,0
2.1,33.35,1,1,0
4.2,43.43,0,0,0
2,44.16,0,1,0
1.8,44.35,1,1,0
1.6,46.37,1,0,0
4.1,49.3,0,0,1
3.9,59.51,0,0,1
4.5,54.1,0,0,0
2.2,35.99,1,1,0
3.9,31.33,0,0,1
2.3,28.08,1,1,0
2.3,41.81,1,1,0
2.4,38.69,1,0,0
1.6,41.15,1,0,0
3.5,36.63,0,0,0
2.1,51.63,1,0,0
2.4,54.36,1,1,0
1.8,54.85,1,0,0
3.7,30.03,0,0,0
3.9,37.37,0,0,0
3.9,28.23,0,0,0
2.1,39.09,0,1,0
1.6,48.42,1,1,1
2.8,39.93,1,0,0
1.7,41.89,0,1,0
1.7,54,1,1,0
4.2,48.69,0,0,0
4.4,59.3,0,0,1
1.7,34.89,1,1,1
3.8,35.8,0,0,0
3.5,35.37,0,0,0
1.8,39.66,1,0,1
2.1,36.96,0,1,0
3.8,49.12,0,0,1
3.6,40.81,0,0,0
2.5,50.62,1,1,0
4.3,52.34,0,0,0
1.2,57.15,1,0,0
3.5,35.32,0,0,0
2.4,40.13,1,1,0
3.6,35.78,0,0,0
2.2,49.69,1,0,0
2,47.72,1,0,0
1.9,45.01,1,0,0
3.6,41.7,0,0,0
1,58.77,1,1,1
3.5,47.88,0,0,0
4.7,58.41,0,0,0
3.5,36.7,0,0,0
3.6,34.45,0,0,0
1.7,35.05,1,0,0
4.5,47.35,0,0,0
4,47.35,0,0,0
1.7,38.35,0,1,1
3.8,39.85,0,0,0
1.8,51.02,1,1,0
3.8,53.3,0,0,0
1.8,54.92,0,1,0
3.7,38.76,0,0,0
1.9,29.59,1,1,0
2.2,32.17,1,0,0
4.5,42.61,0,0,0
3.9,39.66,0,0,0
4.5,46.67,0,0,0
4,42.02,0,0,0
1.5,51.16,1,0,0
4.2,53.06,0,0,0
4.8,59.1,0,0,0
2.4,36.72,1,0,0
3.4,33.74,0,0,1
3.4,30.92,0,0,0
2.2,49.24,0,1,0
4,44.09,0,0,0
3.9,44.9,0,0,0
1.9,43.68,1,0,0
1.2,56.13,1,0,1
2.2,48.4,1,0,0
2.1,52.56,1,0,0
1.6,34.88,0,1,0
4,36.59,0,0,0
2.6,29.89,1,0,0
1.2,48.42,0,1,1
3.5,38.79,0,0,0
2.1,38.9,1,1,0
4,46.36,0,0,0
1.4,57.97,1,0,1
2.1,50.47,1,0,0
1.6,43.85,1,1,0
1.9,32.86,1,1,1
1.6,39.4,0,1,0
3.3,28.44,0,0,1
1.9,44.99,0,1,1
3.8,40.04,0,0,0
1.9,45.68,0,1,0
2.2,49.57,1,0,0
1.5,52.45,0,1,0
1.7,55.52,1,0,1
1.9,47.49,1,1,0
4,25.27,0,0,0
4,33.05,0,0,0
3.6,26.81,0,0,0
1.9,41.78,1,0,0
2.3,45.62,1,0,0
3.6,40.21,0,0,0
3.7,39.5,0,0,0
4.4,56.74,0,0,0
4.1,48.62,0,0,1
4.8,54.02,0,0,0
1.9,42.81,0,1,0
2.6,37.4,1,1,0
3.4,28.53,0,0,0
4,47.62,0,0,0
3.8,42.98,0,0,0
2.5,42.42,1,0,0
4,42.89,0,0,1
1.4,59.45,0,1,0
3.9,58.02,0,0,0
1.7,53.91,1,0,0
3.5,39.32,0,0,0
3.6,31.93,0,0,0
2.7,30.35,1,0,0
1.7,41.08,1,0,1
2.1,46.24,1,0,0
4.3,44.14,0,0,0
2.5,41.51,1,0,0
2.1,54.71,0,1,0
4.2,50.06,0,0,1
1.4,51.71,1,0,0
1.9,35.97,0,1,0
2.1,32.62,1,0,1
2.8,34.34,1,0,0
1.4,50.53,0,1,0
3.9,43.72,0,0,0
4,45.35,0,0,0
3.6,39.64,0,0,0
1.6,56.75,1,0,0
4.1,51.52,0,0,0
1.7,52.13,1,0,0
2.5,29.54,1,0,0
1.9,31.29,1,1,0
2.1,33.93,1,0,0
3.9,46.79,0,0,0
3.7,46.93,0,0,1
1.7,41.18,1,0,0
4.1,48.77,0,0,0
4.7,50.35,0,0,0
1.5,51.8,1,1,1
4.3,53.21,0,0,0
3.9,30.96,0,0,0
3.6,31,0,0,0
3.8,38.53,0,0,0
3.6,43.61,0,0,0
4.2,44.72,0,0,0
2.3,39.24,1,0,0
1,45.38,0,1,0
4.3,48.47,0,0,0
4.2,56.4,0,0,0
4.5,57.9,0,0,0
2.3,34.08,1,1,0
2.2,34.19,0,1,0
2.2,30.87,0,1,0
2,52.26,1,1,0
1.5,54.5,1,0,0
3.3,40.71,0,0,0
1.6,46.41,1,0,0
3.8,50.61,0,0,1
3.7,50.52,0,0,0
4.1,49.33,0,0,0
3.6,30.03,0,0,0
3.8,32.37,0,0,0
2.4,31.74,1,1,0
1.9,45.02,1,1,0
4,42.85,0,0,0
1.9,45.62,1,1,0
2.4,36.28,1,0,0
4.6,51.36,0,0,0
4.4,53.26,0,0,0
4.1,48.52,0,0,1
2.8,35.39,1,1,0
2.1,33.4,0,1,1
2.5,34.52,1,0,0
1.9,49.68,1,1,0
4.2,45.69,0,0,0
2.6,40.77,1,0,0
3.9,41.56,0,0,0
1.9,49.1,1,0,0
1.6,51.93,1,0,1
5,58.44,0,0,0
3.4,30.8,0,0,0
2.6,30.38,1,1,1
3.4,28.22,0,0,0
1.9,45.09,1,1,0
2.6,37.56,1,0,0
2,40.43,0,1,0
1.6,48.58,1,0,0
2.8,41.39,1,0,0
1.8,48.25,1,1,0
1.6,52.37,1,1,0
2.2,33.14,1,1,1
4.4,31.69,0,0,0
3.4,42.78,0,0,0
4.5,45.91,0,0,0
2.1,44.26,1,1,1
4.2,39.94,0,0,0
2.9,42.36,1,1,0
2,49.93,1,0,0
3.7,48.2,0,0,0
4.2,61.35,0,0,1
2.3,36.1,1,1,0
3.4,39.96,0,0,1
3.2,33.72,0,0,0
3.4,40.45,0,0,0
1.9,44.23,1,0,0
4,43.79,0,0,0
4.3,42.68,0,0,0
4.1,49.65,0,0,1
2,54.62,1,1,1
3.9,58.54,0,0,0
2.4,32.11,1,1,0
3.9,38.75,0,0,0
3.3,33.78,0,0,0
2,47.85,1,0,0
4.1,43.39,0,0,0
3.4,35.28,0,0,1
3.9,42.28,0,0,0
4.3,58.52,0,0,0
4.3,46.87,0,0,1
5,52.79,0,0,0
3.7,32.49,0,0,0
2.3,36.29,1,0,0
4.1,31.76,0,0,0
3.6,46.18,0,0,0
2,40.65,1,0,0
3.9,37.02,0,0,0
1.7,36.36,1,0,0
4.4,52.72,0,0,0
4.2,50.3,0,0,0
4.1,47.03,0,0,0
3.6,28.54,0,0,0
2.3,38.05,1,1,0
1.7,40.38,1,0,1
1.7,48.51,1,1,0
4.1,45.44,0,0,0
3.6,40.58,0,0,0
1.5,45.66,1,0,0
3.8,55.64,0,0,0
1.6,51.82,1,1,0
4.1,59.41,0,0,1
3.4,26.62,0,0,1
1.8,36.63,0,1,0
3.1,32.54,0,0,0
4.1,44.89,0,0,0
1.8,44.91,1,1,0
3.6,39.43,0,0,1
1.9,47.27,0,1,0
4,51.06,0,0,0
4.3,59.15,0,0,0
1,63.79,0,1,0
2.2,30.89,1,1,0
1.8,25.77,1,1,0
2,32.52,0,1,0
3.9,51.74,0,0,0
4.3,44.69,0,0,0
3.4,42.39,0,0,1
3.9,41.31,0,0,0
1.1,59.11,1,0,0
3.8,49.81,0,0,0
1.4,48.37,1,0,0
1.8,33,0,1,0
3.6,31.09,0,0,1
4.3,38.05,0,0,0
1.9,44.52,0,1,0
2.2,45.3,1,1,0
4.1,42.53,0,0,0
2.5,38.37,1,0,0
4.3,47.57,0,0,0
2.2,52.71,1,1,1
1.8,52.41,0,1,0
2.4,33.39,1,0,0
3.6,30.8,0,0,0
3.2,28.85,0,0,0
4.7,52.38,0,0,1
3.7,37.5,0,0,0
4.2,42.3,0,0,1
3.8,39.9,0,0,0
4.3,56.27,0,0,1
1.9,64.05,1,1,0
4.6,59.76,0,0,0
3.3,27.05,0,0,0
2.2,30.75,1,1,1
2.1,35.37,0,1,0
3.8,48.33,0,0,0
4.2,37.49,0,0,0
1.5,48.07,1,0,0
2.2,40.42,1,1,0
1.9,47.17,1,0,0
1.7,49.21,1,0,0
1.7,52.25,1,0,0
3.9,27.98,0,0,0
2.7,32.89,1,0,1
2.4,25.3,1,1,0
4,44.99,0,0,0
2.1,43.72,1,1,0
4.1,43.79,0,0,0
4.1,43.15,0,0,0
1.7,47.2,1,0,0
1.3,57.78,0,1,0
4.3,57.26,0,0,0
2,32.43,1,1,0
2.5,31.57,1,0,0
1.7,29.99,0,1,0
2.2,45.51,1,0,0
3.8,40.48,0,0,0
2.6,43.61,1,1,0
2.8,40.1,1,1,0
5,54.73,0,0,1
1.3,49.58,1,0,0
1.7,46.47,0,1,0
1.7,26.14,0,1,1
2.4,40.42,1,1,0
3.5,38,0,0,0
4,42.02,0,0,0
2.5,35.63,1,1,0
4,43.17,0,0,0
3.9,35.25,0,0,0
4.2,51.6,0,0,0
1.5,46.44,1,0,1
2,53.63,1,0,0
1.6,34.93,1,0,0
3.5,36.32,0,0,0
2.3,30.86,1,0,0
4.4,46.17,0,0,0
4,43.88,0,0,0
1.8,41.67,1,1,0
1.9,41.72,1,1,0
1.9,60.16,1,1,0
1.1,52.3,1,0,0
2.2,48.6,1,1,0
3.7,27.51,0,0,0
1.9,32.24,1,1,0
2.2,39.37,1,1,0
1.6,50.58,0,1,0
4.6,53.51,0,0,0
3.4,40.01,0,0,0
1.7,44.72,1,0,0
4.4,51.71,0,0,0
2.4,47.59,0,1,0
1.7,54.08,0,1,1
3.3,37.32,0,0,0
2.2,32.54,1,1,0
3.9,30.05,0,0,0
2.4,42.53,1,0,0
4,40.74,0,0,0
1.4,42.2,1,1,1
1.9,50.92,0,1,0
1.9,60.04,1,1,0
4.4,57.78,0,0,0
4.7,52.82,0,0,0
2.1,34.2,1,0,0
3.8,29.58,0,0,0
2.2,31.53,1,1,0
4.1,40.19,0,0,0
4,43,0,0,1
1.7,42,1,1,0
4.1,45.81,0,0,0
4.9,61.19,0,0,0
4.7,59.31,0,0,0
1.5,53.87,1,1,0
2.6,35.48,1,0,0
3.5,36.21,0,0,1
3.8,32.28,0,0,1
4.5,47.44,0,0,0
1.9,43.33,1,0,0
2.1,41.96,0,1,1
4.4,39.48,0,0,0
4.3,51.6,0,0,0
3.8,54.08,0,0,0
4.6,52.53,0,0,0
2.2,36.36,1,1,0
2.5,31.63,1,0,0
4.2,36.99,0,0,0
1.9,44.31,1,1,0
3.9,35.82,0,0,0
2,36.88,1,0,0
3.9,42.3,0,0,0
1.9,53.07,1,0,0
1.3,50.24,1,0,1
4.5,55.94,0,0,0
3.4,35.01,0,0,0
2,35.15,1,0,0
4.2,33.54,0,0,1
2.1,46.23,1,0,0
2.1,43.46,1,0,0
2.1,37.47,1,1,0
1.8,35.89,1,1,0
5,53.87,0,0,0
1.8,51.04,1,0,0
1.7,57.44,1,0,0
1.8,34.6,1,1,0
3.2,30.13,0,0,1
2.7,33.29,1,0,0
1.4,40.89,0,1,1
3.8,42.47,0,0,0
4.3,43.9,0,0,0
1.7,44.77,1,0,0
1.9,51.15,1,0,0
4,55.78,0,0,0
1.9,50.37,1,1,0
2.2,33.97,0,1,1
2.7,27.65,1,0,0
3.9,37.59,0,0,0
1.1,37.81,1,1,1
2.1,53.36,1,1,0
3.5,36,0,0,0
1.5,42.49,1,0,0
1.9,52.14,1,1,0
4.2,57.58,0,0,0
4.1,48.8,0,0,1
4,39.68,0,0,0
2.2,42.11,1,0,0
4,38.35,0,0,0
1.9,48.08,1,1,0
4.3,45.63,0,0,0
2.1,39.49,1,1,0
2.1,38.57,1,1,0
4.4,53.71,0,0,1
4,48.56,0,0,0
4.3,42.31,0,0,0
3.4,31.44,0,0,0
1.9,33.04,1,0,0
3.7,35.1,0,0,0
4,44.11,0,0,0
1.8,39.03,0,1,0
2.7,43.15,1,1,0
2.2,40.07,1,1,0
1.7,60.73,0,1,0
3.2,45.63,1,1,0
3.8,56.1,0,0,0
2.4,36.12,1,0,0
1.6,37.1,0,1,1
2.2,30.79,1,0,1
4.3,44.29,0,0,0
4,41.61,0,0,0
2.4,39.07,1,0,0
2.1,34.72,1,0,0
4.4,54.81,0,0,0
1.5,56.63,1,1,0
4.4,48.14,0,0,0
3.6,35.49,0,0,0
2.4,36.07,1,0,0
3.5,27.04,0,0,0
3.8,45.72,0,0,0
2.4,40.59,1,1,0
2.4,37.51,1,0,0
3.5,41.34,0,0,1
3.9,45.74,0,0,0
4.1,42.29,0,0,0
1.9,53.73,1,1,0
1.7,35.51,0,1,0
3.5,36.21,0,0,0
3,29.76,0,0,0
1.7,40.79,1,1,1
2.5,38.63,1,0,0
3.6,40.81,0,0,1
2.2,46.95,1,0,0
4.2,58.7,0,0,1
4,47.11,0,0,1
1.2,61.41,1,1,0
2.4,35.03,1,1,0
3.9,33.31,0,0,0
3,31.54,0,0,0
4,49.76,0,0,0
2,41.84,0,1,0
4,40.78,0,0,0
4.4,46.29,0,0,0
1.5,54.29,1,0,0
4.7,56.04,0,0,0
4.3,50.31,0,0,0
1.7,33.59,0,1,0
3.6,31.21,0,0,1
2.6,29.9,1,1,0
1.7,47.27,1,0,0
3.5,41.47,0,0,0
1.9,42.56,1,0,0
3.8,44.17,0,0,0
4,52.85,0,0,0
2.2,52.21,1,1,0
5,57.85,0,0,0
3,31.19,0,0,1
1.9,30.92,1,0,0
3.2,32.14,0,0,1
3,37.56,0,0,1
2.3,37.55,1,1,0
4.2,44.32,0,0,0
1.9,46.42,1,1,0
1.4,56.12,1,0,0
1.9,54.89,1,0,0
4.5,58.33,0,0,0
3.7,33.94,0,0,0
3.4,32.23,0,0,0
4,41.06,0,0,0
3.9,45.85,0,0,0
1.9,38.23,1,1,0
4.5,41.58,0,0,0
4.1,42.44,0,0,0
1.1,49.37,0,1,1
1.8,50.77,1,0,0
1.4,54.23,1,0,0
3.8,33.32,0,0,0
4,32.19,0,0,0
1.7,31.71,1,0,0
2.3,43.63,1,1,0
3.8,45.05,0,0,0
4,40.96,0,0,0
2.5,43.77,1,0,0
1.6,51.61,1,1,0
2.5,54.88,1,1,0
3.2,50.18,0,0,0
4.2,33.64,0,0,0
2.8,35.52,1,0,0
1.9,32.95,1,1,0
2,44.21,1,1,0
2.1,41,1,1,0
4,47.49,0,0,1
2.9,38.26,1,1,0
1.8,58.65,0,1,0
4.6,56.26,0,0,0
3.9,46.72,0,0,0
2.6,28.11,1,0,0
2.3,33.16,0,1,0
2.4,31.33,1,1,0
4,46.33,0,0,0
1.9,42.82,0,1,1
3.9,38.32,0,0,0
1.9,41.18,1,1,0
4.7,53.92,0,0,0
2.3,49.4,1,1,0
4.8,55.58,0,0,0
2.4,33.78,1,0,1
3.7,25.53,0,0,0
3.2,30.01,0,0,0
4.2,40.77,0,0,0
2.6,42.25,1,0,0
1.9,45.83,1,1,0
2,38.85,1,0,0
1.9,54.5,1,1,0
4.5,58.15,0,0,0
4.5,61.31,0,0,0
2.9,28.81,0,0,0
1.9,36.01,1,0,0
3.5,31.31,0,0,0
4.1,54.79,0,0,1
2,38.33,1,0,0
3.5,47.32,0,0,0
3.5,34.13,0,0,0
4.6,58.86,0,0,1
1.4,50.88,0,1,0
1.7,55.62,0,1,0
3.4,31.76,0,0,0
3.6,35.36,0,0,0
2.2,37.01,0,1,0
2,44.5,1,1,0
1.8,45.66,1,1,0
4,32.85,0,0,0
2,41.31,1,1,0
1.6,48.69,1,1,0
1.6,55.24,0,1,0
4.4,47.68,0,0,0
3.8,33.54,0,0,0
3.8,35.18,0,0,0
2.1,33.25,1,1,0
2.1,37.81,1,0,1
4.8,47.78,0,0,0
2.3,37.79,1,1,0
4.3,43.02,0,0,0
4.2,56.73,0,0,0
2.2,51.2,1,0,0
1.9,47.54,1,1,0
3.2,25.41,0,0,0
2.7,37.88,1,1,0
2.4,36.24,1,1,0
3.7,39.05,0,0,0
1.9,48.97,1,0,0
2.3,34.66,1,0,0
4.2,45.77,0,0,0
4.4,49.77,0,0,0
1.6,55.62,1,0,0
1.7,56.83,1,0,0
1.4,37.97,0,1,0
3.2,25.05,0,0,0
3.7,35.88,0,0,0
1.7,43.99,1,0,1
3.9,46.05,0,0,1
3.8,43.64,0,0,0
4,42.69,0,0,0
1.3,55.29,0,1,0
2,48.57,0,1,0
4.8,54.92,0,0,0
3.4,23.58,1,0,0
2.4,33.86,1,0,0
3.4,29.13,1,0,0
2,51.73,1,0,0
1.8,42.29,1,0,0
3.5,41.76,0,0,0
2.2,43.52,1,1,0
4.3,55.45,0,0,1
4.1,54.03,0,0,0
4.2,56.35,0,0,0
2.1,27.88,0,1,0
3.4,37.86,0,0,0
2.4,19.25,1,0,0
2.2,48.85,1,1,0
4.6,48.08,0,0,0
1.8,42.19,1,1,0
2.3,45.76,0,1,0
4.2,52.4,0,0,0
4.1,53.76,0,0,0
1.9,50.41,1,1,0
4.1,38.51,0,0,0
3.1,28.97,0,0,0
4.3,35.82,0,0,0
4.4,46.34,0,0,1
1.4,49.8,0,1,0
3.9,50.1,0,0,0
4.2,40.29,0,0,0
4.3,60.53,0,0,0
1.3,55.2,0,1,0
2,50.01,1,0,0
2.3,36.09,1,1,0
2,40.2,1,0,0
2.5,31.31,1,1,0
3.8,42.22,0,0,0
4.7,40.57,0,0,0
2.6,38.1,1,0,1
2.1,40.38,1,1,0
1.5,52.18,1,1,1
4.6,55.72,0,0,0
4.1,47.44,0,0,0
2.4,36.01,1,1,0
2.2,36.08,1,0,0
3.9,38.64,0,0,0
3.7,41.09,0,0,0
1.5,42.23,1,1,1
3.5,33.18,0,0,0
2,43.16,1,1,0
1.9,56.03,1,1,0
1.2,50.87,0,1,0
1,53.99,0,1,0
1.9,31.68,1,0,0
1.6,33.64,0,1,0
3.5,28.72,0,0,0
4.6,52.42,0,0,0
4.3,46.41,0,0,0
2.8,39.59,1,1,0
1.7,41.68,1,1,0
2.2,45.03,1,1,0
1.7,48.79,1,0,0
4.6,63.81,0,0,0
3.9,37.98,0,0,0
3.2,30.99,0,0,0
3.8,32.88,0,0,0
3.7,42.47,0,0,1
4.3,41.99,0,0,0
2.3,46.26,1,1,1
3.9,39.58,0,0,0
4.2,57.41,0,0,0
1.4,55.38,1,0,0
4.4,49.89,0,0,0
3.6,28.37,0,0,0
4,36.39,0,0,0
3.7,38.06,0,0,0
1.5,47.03,1,1,1
1.6,41.72,0,1,0
3.9,43.32,0,0,0
3.4,45.28,0,0,0
1.8,54.05,1,0,0
2.2,56.09,1,1,0
1.7,53.7,1,1,0
3.7,33.33,0,0,1
2.1,31.96,1,0,0
4.3,32.55,0,0,0
2,43.28,1,0,0
1.6,41.36,1,0,0
4.1,42.24,0,0,0
3.6,40.1,0,0,0
1.8,46.77,1,1,1
4.4,55.54,0,0,0
4.2,49.2,0,0,0
2.4,27.49,1,1,0
2.5,32.07,1,0,0
1.4,32.47,0,1,0
2.1,49.33,1,0,0
2,36.89,1,0,0
4.1,40.52,0,0,0
4.1,40.71,0,0,0
1.6,62.4,0,1,0
1.5,55.91,0,1,0
4.1,49.74,0,0,1
2.1,39.59,1,0,0
2.4,33.33,1,1,0
2.6,36.54,1,1,0
3.7,49.97,0,0,0
2,44.16,0,1,0
2.5,35.18,1,1,0
2,30.23,1,1,0
1.3,54.12,1,1,1
1.8,49.81,1,1,0
4.8,56.22,0,0,0
3.7,26.9,0,0,0
2,33.73,1,0,0
2.4,31.41,1,0,0
2.1,42.41,1,0,0
3.9,42.39,0,0,0
3.8,42.4,0,0,0
2.1,37.72,1,1,0
3.8,47.83,0,0,1
1.9,56.75,0,1,0
2,52.26,1,1,0
1.8,34.09,1,1,1
2,31.41,1,0,0
2.2,31.06,1,1,0
4,46.37,0,0,0
3.7,41.97,0,0,0
2.1,37.79,1,0,0
4.1,39.01,0,0,0
4.4,51.8,0,0,0
3.9,60.79,0,0,0
4.2,54.83,0,0,0
3.3,26,0,0,0
3.1,25.17,0,0,0
3.6,28.19,0,0,0
2.3,43.44,1,1,1
1.6,44.36,1,1,0
1.5,36.73,1,1,0
3.6,39.17,0,0,1
1.8,55.09,1,0,0
1.6,54.19,1,0,0
1.7,62.11,1,0,0
2.4,37.61,1,1,0
2.9,27.95,0,0,0
2.6,31.87,1,0,0
4.1,44.55,0,0,0
1.7,42.96,0,1,1
1.7,46.6,1,0,0
1.7,41.63,1,0,0
2.1,52.34,1,0,0
2,48.59,1,1,0
4.2,49.93,0,0,0
4,35.26,0,0,0
3.7,29.01,0,0,0
2.2,30.7,1,0,0
2.4,43.16,1,0,0
2.1,44.06,1,0,0
2.1,44.92,1,0,0
4.1,37.49,0,0,0
1.8,45.61,0,1,0
2.1,51.2,1,1,0
2,48.27,1,0,0
4,41.54,0,0,0
2.9,29.15,0,0,1
4.3,36.96,0,0,1
1.9,47.43,1,0,0
3.9,40.29,0,0,0
4.1,42.98,0,0,1
2.2,40.91,0,1,0
4.6,61.71,0,0,0
3.6,52.27,0,0,0
1.5,54.31,0,1,0
2.6,35.18,1,0,0
4.2,32.4,0,0,0
3.7,40.43,0,0,0
2.3,36.7,1,0,0
1.9,42.08,1,1,1
4.4,47.75,0,0,0
1.5,44.69,1,0,0
1.5,58.01,1,1,0
1.5,47.91,1,0,1
1.5,53.26,0,1,0
2.1,29.45,1,1,0
1.8,34.6,1,1,1
1.9,43.82,1,0,0
1.5,46.7,0,1,0
2.2,41.96,1,0,0
3.8,36.03,0,0,0
2.2,37.23,0,1,0
4.9,49.67,0,0,0
3.8,46.18,0,0,0
4.5,54.52,0,0,0
1.2,41.58,1,1,0
4.3,36.35,0,0,0
3.8,35.29,0,0,0
4,41.29,0,0,0
2.1,46.46,1,1,0
1.9,48.01,1,0,0
2.1,42.68,1,1,0
1.4,48.06,0,1,0
3.6,46.55,0,0,1
1.9,55.47,0,1,0
4,30.74,0,0,0
3,25.59,0,0,1
2.1,30.58,1,1,1
4.3,48.6,0,0,0
3.9,47.84,0,0,0
4.1,44.23,0,0,0
2.5,39.07,1,1,0
1.7,54.22,1,0,0
1.6,56.61,0,1,0
2.6,44.08,1,0,0
3,34.64,0,0,0
2.9,34.58,0,0,0
2.2,22.96,1,1,0
2.5,46.93,1,0,0
1.4,36.52,0,1,0
4,38.11,0,0,0
1.9,42.92,1,0,1
4.4,51.08,0,0,0
1.7,57.6,1,0,0
4.5,53.65,0,0,0
1.4,42.49,0,1,0
1.5,29.12,0,1,0
3.5,31.07,0,0,0
4.2,47.2,0,0,0
3.6,41.99,0,0,0
4.4,43.73,0,0,0
2.3,40.87,1,1,0
3.9,57.32,0,0,0
3.9,47.32,0,0,0
4.1,52.69,0,0,1
3.8,32.3,0,0,0
3.2,29.77,0,0,0
3.5,28.36,0,0,0
2,39.74,0,1,0
4,42.6,0,0,1
3.9,37.65,0,0,0
4.6,48.2,0,0,0
1.8,55.77,1,1,0
4.3,55.34,0,0,0
1,55.67,0,1,1
3.9,32.95,0,0,1
1.9,36.48,1,0,1
2.3,31.04,1,1,0
1.7,48.68,1,0,0
2.2,46.46,1,0,0
4.2,42.02,0,0,0
2.1,38.21,1,1,0
4.9,55.73,0,0,0
4.1,60.03,0,0,0
3.7,54.99,0,0,1
3.3,31.03,0,0,0
3.7,35.95,0,0,0
1.9,45.94,1,0,0
1.8,48.72,1,0,0
1.9,48.09,1,0,0
2.1,45.6,1,1,0
3.9,38.78,0,0,0
1.7,51.71,1,1,1
4.1,53.81,0,0,0
1.8,51.27,1,1,0
1.9,35.6,1,1,0
3.4,24.8,0,0,0
2.2,27.57,0,1,0
1.7,48.91,1,0,1
3.6,40.01,0,0,0
1.2,46.83,1,1,0
3.7,43.42,0,0,0
1.4,51.91,1,1,1
1.4,55.76,1,1,0
4.8,58.22,0,0,0
3.2,33.25,0,0,0
3.4,33.44,0,0,0
2.7,34.24,1,1,0
3.7,38.65,0,0,0
2.2,40.23,1,1,0
3.6,42.87,0,0,0
4.4,44.89,0,0,0
4.6,57.32,0,0,0
1.5,54.41,1,0,1
2,48.74,1,1,0
1.8,39.92,1,1,0
3.6,29.61,0,0,1
4.3,36.48,0,0,0
4,40.31,0,0,0
4.1,47.2,0,0,0
4.8,48.96,0,0,1
2,40.37,1,0,0
2.1,58.16,1,0,0
4.4,48.83,0,0,0
4,50.83,0,0,0
1.6,34.92,0,1,0
3.8,34.49,0,0,0
4.3,42.48,0,0,0
1.6,47.02,1,1,0
1.9,41.44,1,0,0
4.4,47.57,0,0,0
4.4,44.05,0,0,0
1.5,49.13,1,0,0
1,53.67,0,1,1
4,45.59,0,0,1
3.6,22.18,0,0,0
3.8,35.21,0,0,0
3.7,29.93,0,0,0
1,54.39,0,1,1
4.1,39.88,0,0,0
4.2,46.94,0,0,0
2.3,44.43,1,1,0
1.7,55.18,1,0,0
1.6,63.15,1,0,0
1.2,61.42,0,1,0
2.2,28.42,1,1,0
2.2,35.84,1,0,0
1.8,27.42,0,1,1
1.9,47.56,1,1,0
3.6,35.01,0,0,0
1.8,43.59,1,1,0
1.4,49.26,1,0,0
2,49.84,1,0,0
1.8,51.15,1,0,0
1.5,49.34,1,1,0
3.9,33.92,0,0,0
3.4,37.3,0,0,1
3.3,41.23,0,0,1
4.1,48.25,0,0,0
2.2,45.5,1,0,0
3.7,41.14,0,0,0
2.4,47.72,1,1,0
4,44.67,0,0,0
2,50.19,1,1,0
1.7,50.92,1,1,1
3.8,38.17,0,0,0
2.3,33.28,1,0,0
2.7,32.81,1,1,0
2.1,39.97,1,0,1
3.9,45.5,0,0,0
2.7,37.91,1,0,0
3.6,36.72,0,0,0
4.2,58.35,0,0,0
4.2,48.86,0,0,0
4.8,57.09,0,0,0
3.8,28.25,0,0,0
2.4,39.74,1,0,0
3.4,26.53,0,0,0
3.9,46.33,0,0,0
1.9,43.19,1,0,0
4.1,36.1,0,0,0
2.2,42.98,1,1,0
3.9,56.22,0,0,0
1.3,50,0,1,0
1.5,47.99,1,0,0
1.8,34.89,1,0,1
3.4,28.65,0,0,0
2.2,30.12,1,0,1
3.4,41.83,0,0,0
2.2,40.23,1,1,0
3.9,51.61,0,0,1
1.9,44.76,1,1,1
4,52.23,0,0,0
1.5,55.25,1,0,0
1.8,49.04,0,1,0
3.6,19.48,0,0,0
3.9,31.5,0,0,0
2.3,31.28,1,1,0
4,49.13,0,0,1
1.7,48.83,0,1,1
4.1,37.46,0,0,0
4.2,35.07,0,0,0
1.9,52.91,1,0,0
4,48.04,0,0,0
2.2,49.03,1,0,0
3.9,38.81,0,0,0
3.6,27.15,0,0,0
3.9,26.17,0,0,0
2.2,35.84,1,0,0
4.4,41.51,0,0,0
1.4,47.73,0,1,0
2.1,42.79,1,1,0
1.7,56.31,1,0,0
1.6,49.17,0,1,0
1.6,54.99,1,0,0
1.9,33.41,0,1,0
2.2,30.14,1,1,0
2.4,28.68,1,1,0
2.1,40.24,1,0,0
4,42.46,0,0,1
2.1,42.39,1,0,1
3.7,55.01,0,0,0
4.3,54.59,0,0,0
1,46.4,0,1,1
4.9,57.12,0,0,0
2.5,39.43,1,1,0
3.1,31.59,0,0,1
4.3,33.75,0,0,0
3.7,42.86,0,0,0
4.2,46.21,0,0,0
4.3,38.71,0,0,1
1.1,43.49,0,1,1
2.3,47.74,1,0,0
1.5,63.32,1,1,0
3.3,51.23,0,0,0
1.9,33.17,0,1,0
4.2,37.67,0,0,0
4,39.87,0,0,1
2.1,45.49,1,1,0
2.2,45.94,1,0,0
2,39.15,1,1,0
3.9,35.5,0,0,0
2,51.49,1,1,0
4.4,59.91,0,0,0
4.3,52.61,0,0,0
3.5,33.09,0,0,0
3.4,29.67,0,0,0
2.2,28.2,1,0,0
3.2,38.54,0,0,1
3.8,41.43,0,0,0
2.1,41.82,1,1,1
1.8,38.81,1,0,0
4.6,53.26,0,0,0
1.5,49.18,1,0,0
4.8,50.81,0,0,0
2.9,33.73,1,0,0
3,36.17,0,0,0
3.5,33.94,0,0,1
3.8,41.52,0,0,0
1.6,45.02,1,0,0
1.8,44.94,1,1,1
2.1,44.49,1,0,0
1,61.84,1,0,1
4.1,49.45,0,0,0
1.7,56.11,1,1,0
1.9,36.63,1,0,0
3.9,38.69,0,0,0
3.3,30.44,0,0,0
1.9,48.77,1,0,1
3.7,39.54,0,0,0
3.3,40.31,0,0,1
3.9,43.03,0,0,0
2.2,54.09,1,0,0
4.1,55.61,0,0,0
3.6,50,0,0,0
1.8,34.4,1,0,1
2.5,30.75,1,1,0
2,37,1,0,0
4.2,49.72,0,0,1
2.1,43,0,1,0
2.2,38.52,1,1,0
4.5,45.07,0,0,0
1.8,53.31,1,0,0
3.6,49.92,0,0,1
4.3,47.72,0,0,0
1.6,36.99,1,1,0
2.6,34.14,1,0,0
3.5,28.33,0,0,0
4.2,44.58,0,0,1
1.1,47.08,0,1,0
4.3,35.33,0,0,0
3.7,35.93,0,0,0
4.5,53.27,0,0,0
4.2,55.39,0,0,1
1.6,54.02,1,0,0
3.3,30.75,0,0,0
4.4,36.37,0,0,0
1.5,37.1,1,0,0
1.9,41.84,1,0,1
2.4,35.74,1,0,0
2,42.15,0,1,0
1.1,44.31,0,1,0
2.1,48.18,1,1,0
1.9,44.73,1,0,0
4.5,50.21,0,0,0
3.9,36.61,0,0,0
2,35.4,1,0,0
3.6,34.7,0,0,0
1.4,51.27,0,1,0
4.2,42.63,0,0,1
2,41.45,1,1,0
3.8,35.56,0,0,0
1.2,53.95,0,1,0
4.3,55.79,0,0,0
3.4,55.36,0,0,0
2.2,34.01,1,0,0
3.9,29.36,0,0,0
3.2,25.66,0,0,0
4.1,46.08,0,0,0
3.6,43.52,0,0,0
3.7,43.84,0,0,1
4,40.73,0,0,0
1.6,53.49,0,1,1
4.2,55.22,0,0,1
4.1,53.1,0,0,0
2.7,35.51,1,0,0
4.1,31.48,0,0,0
3.6,38.51,0,0,0
2,38.81,1,0,0
3.8,45.01,0,0,0
2.2,38.66,1,0,0
4.2,47.85,0,0,0
1.6,47.81,0,1,0
1.6,56.13,1,1,0
4,49.2,0,0,0
4.2,40.64,0,0,0
3.6,32.77,0,0,0
3.8,29.54,0,0,0
4,35.69,0,0,0
2.7,42.48,1,0,0
1.7,45.52,0,1,0
2.2,44.56,1,1,0
2.6,46.35,1,1,0
4.5,60.59,0,0,0
4.1,55.49,0,0,0
1.7,30.98,1,0,1
1.5,36.3,1,1,1
2.4,28.73,1,0,0
1.6,47.98,0,1,0
4,38.4,0,0,0
4.4,43.92,0,0,0
1.5,43.61,1,0,1
4,46.01,0,0,0
1.4,61.75,1,0,0
2.4,48.74,1,1,0
1,31.39,0,1,1
3.6,36.85,0,0,0
1.9,30.39,0,1,0
3.8,41.92,0,0,0
2.1,39.8,1,1,1
1.6,43.39,1,1,1
2,41.2,0,1,0
4,49.84,0,0,0
4.3,48.86,0,0,0
4,56.75,0,0,0
3.8,28.46,0,0,0
1.8,29.43,1,0,0
3.2,38.53,0,0,0
1.3,48.32,1,0,0
4.4,43.82,0,0,0
4.7,43.58,0,0,0
2,46.86,0,1,0
3.7,46.02,0,0,0
2.2,51.31,1,0,0
4.2,52.88,0,0,0
1.9,26.69,0,1,0
3.3,28.78,0,0,0
1.6,38.33,0,1,0
1.9,46.11,0,1,0
3.8,37.98,0,0,0
1.7,40.42,0,1,0
3.9,38.87,0,0,0
2,48.32,1,1,0
4.6,57.03,0,0,1
4.1,54.45,0,0,0
2.7,25.28,1,1,0
3.6,31.18,0,0,0
1.2,28.19,0,1,1
4.5,47.68,0,0,0
4.2,44.77,0,0,0
1.7,42.9,1,0,0
4.1,47.01,0,0,0
4.2,52.66,0,0,1
4.3,52.83,0,0,0
4.3,56.63,0,0,0
1.9,35.88,0,1,0
3.5,29.67,0,0,0
1.9,34.18,1,0,0
3.9,45.15,0,0,0
2.6,42.35,1,0,0
1.8,43.69,1,1,0
4.2,39.24,0,0,0
3.5,53.87,0,0,0
2.2,45.98,1,1,0
4.3,52.48,0,0,0
4,32.71,0,0,0
2.1,36.99,1,0,0
3.9,36.13,0,0,1
4.2,42.19,0,0,0
3.8,43.34,0,0,0
2.3,35.52,1,1,0
3.7,42.64,0,0,0
4.6,58.18,0,0,0
1.4,55.71,0,1,1
4,47.65,0,0,0
2.1,33.62,1,0,0
2.3,28.7,1,1,0
2,34.01,0,1,0
4.3,45.94,0,0,0
3.2,35.18,0,0,1
2.2,40.63,1,0,0
3.7,43.2,0,0,1
2.1,55.12,1,1,0
1.5,51.66,0,1,0
2,57.02,1,0,0
1.5,31.63,0,1,0
1.8,34.86,1,0,1
3.9,36.39,0,0,0
2.3,39.38,1,0,0
4.3,43.42,0,0,0
2.2,41.18,1,0,0
2.4,39.66,1,1,0
4.1,54.81,0,0,0
4.4,49.85,0,0,0
4.3,52.88,0,0,0
2.4,31.47,1,0,0
2,35.08,0,1,0
3.5,32.52,0,0,0
4.3,50.18,0,0,0
1.8,51.7,1,0,0
3.9,48.12,0,0,0
1.4,46.71,0,1,0
2.4,50.61,1,1,0
1.5,56.85,1,0,0
1.7,57.33,1,1,0
3.3,28.66,0,0,0
2.4,31.67,1,0,0
1.9,31.7,1,1,1
1.7,54.34,1,1,0
4.3,41,0,0,0
3.9,44.56,0,0,1
3.3,37.41,0,0,0
4.8,58.93,0,0,0
2,55.51,1,1,1
1.6,56.75,1,0,0
1.9,33.2,0,1,0
3.8,29.07,0,0,0
3.5,26.87,0,0,0
1.5,48.03,1,0,0
2,42.49,1,0,0
2.5,45.18,1,0,0
2,36.29,1,1,0
4,52.46,0,0,0
1.5,45.42,0,1,0
4.9,56.8,0,0,0
2.2,32.33,1,1,0
1.8,35.78,1,1,0
4,37.51,0,0,0
2.3,45.53,1,1,0
1.6,51.22,1,0,0
3.7,39.74,0,0,0
1.9,36.94,1,1,0
1.9,50.83,1,0,0
4.3,56.91,0,0,0
2.1,64.63,1,1,0
2.1,36.3,1,0,0
3.7,36.19,0,0,0
2.3,33.67,1,1,0
2.1,43.32,1,0,0
2.1,41.14,1,1,0
3.8,44.62,0,0,0
1.6,41.91,1,0,0
1.5,51.18,1,1,0
3.5,52.09,0,0,1
4,52.31,0,0,1
4,30.15,0,0,0
3.9,30.1,0,0,0
3.7,35.75,0,0,0
4,46.24,0,0,0
3.9,38.43,0,0,0
4.1,37.21,0,0,0
4.2,39.18,0,0,0
1.2,51.1,1,1,0
1.9,51.48,1,0,0
4,48.4,0,0,0
2,33.42,1,1,0
4.1,30.19,0,0,0
3.2,24.8,0,0,0
1.7,42.99,0,1,0
3.9,40.14,0,0,0
2.2,43.53,1,1,0
3.7,40.55,0,0,0
4,52.86,0,0,0
1.8,53.42,1,0,0
4.3,49.58,0,0,1
2.6,29.91,1,1,0
3.7,34.72,0,0,0
2.7,34.23,1,0,0
3.4,38.22,0,0,0
3.6,45,0,0,0
4,42.88,0,0,0
1.9,42.69,1,1,0
4.3,52.52,0,0,0
2.2,51.55,1,1,0
5,52.78,0,0,0
3.5,33.04,0,0,1
2.2,36.51,1,0,0
3.7,34.18,0,0,0
1.7,45.04,1,0,0
2.2,41.98,0,1,0
2.2,36.07,1,0,0
4.3,40.26,0,0,1
1.4,50.42,1,0,0
1.8,52.98,1,0,0
1.6,47.98,1,0,0
3.5,27.26,0,0,0
2.6,23.9,1,1,0
2.5,27.48,1,0,0
1.8,44.3,1,0,0
2,44.22,1,0,0
1.5,41.37,0,1,0
3.7,37.22,0,0,0
4.7,62.31,0,0,0
1.7,49.01,1,1,0
1.7,55.38,1,1,0
2.2,29.55,0,1,0
3.4,30.27,0,0,0
2.2,28.37,1,0,0
4.5,41.64,0,0,0
3.7,40.2,0,0,1
4.1,46.01,0,0,1
3.9,41.75,0,0,0
2,54.74,0,1,0
2.1,45.03,1,1,0
4.4,54.69,0,0,0
2.1,41.75,1,1,0
1.8,30.9,0,1,0
1.8,35.41,1,1,0
2,46.42,1,1,0
3.7,39.27,0,0,0
1.4,45.2,0,1,1
2.6,39.22,1,0,0
2,48.9,1,1,0
2,55.76,1,1,0
1.4,50.85,0,1,0
2.6,32.86,1,0,0
3.8,30.8,0,0,0
1.9,37.3,1,0,0
2,39.33,1,1,0
2,42.09,1,0,0
2.2,40.7,1,0,0
3.9,45.14,0,0,0
4,52.3,0,0,0
2.4,40.04,1,1,0
1.6,47.1,1,0,0
3.7,35.52,0,0,0
3.4,32.7,0,0,1
3.6,35.61,0,0,0
1.4,43.12,1,1,1
2.5,36.31,1,1,0
2,47.57,0,1,0
1.4,44.33,1,1,0
4.4,49.35,0,0,0
4.4,55.47,0,0,1
4.3,56.91,0,0,0
2.4,30.48,1,1,0
2,41.98,1,1,0
2.1,38.32,0,1,0
1.5,40.13,1,1,1
4,41.98,0,0,0
2.1,33.09,0,1,0
2.4,38.54,1,0,0
3.8,51.71,0,0,0
1.7,49.7,1,1,0
2.2,49.47,1,0,0
3.5,25.98,0,0,1
2.7,32.34,1,0,0
3.1,33.86,0,0,1
2.4,51.95,1,0,0
4,42.28,0,0,0
1.2,44.77,1,1,1
2.4,43.52,1,0,0
1.6,49.3,0,1,1
4.3,55.34,0,0,0
4.1,50.19,0,0,0
2.4,33.5,1,0,0
2.3,30.22,1,1,0
3.8,37.35,0,0,0
4.1,47.34,0,0,0
3.6,39.3,0,0,1
4.1,43.78,0,0,0
3.7,44.49,0,0,0
1.9,55.85,1,1,0
3.7,50.75,0,0,1
3.6,50.74,0,0,0
3.9,37.3,0,0,0
3.9,40.85,0,0,0
2.4,36.4,1,0,0
4,39.81,0,0,0
2.4,32.82,1,0,0
2.1,46.87,1,1,0
1.7,40.78,1,0,0
1.5,57.52,0,1,0
3.6,42.16,0,0,1
2.2,59.19,1,1,0
3.7,36.21,0,0,0
2.1,27.18,1,0,0
4,34.8,0,0,0
1.9,49.49,1,1,0
3.4,41.05,0,0,1
4,41.75,0,0,0
2.1,44.01,1,1,0
5,62.77,0,0,0
1.7,54.25,1,1,0
3.8,51.13,0,0,0
2.5,27.89,1,0,0
3.5,32.38,0,0,0
2.5,32.14,1,1,0
1.6,46.1,1,0,1
2.8,40.17,1,0,0
1.9,39.41,1,0,0
1.4,46.32,1,0,0
4.3,55.9,0,0,0
4.8,55.81,0,0,0
2,48.44,1,1,0
2.4,28.15,1,1,0
4.2,39.32,0,0,0
2.5,30.85,1,0,1
1.4,42.49,0,1,1
2.4,52.83,1,0,0
1.8,50.17,1,0,1
2.6,33.9,1,0,0
1.4,49.81,1,1,0
4.2,49.32,0,0,0
4.3,52.68,0,0,0
1.7,32.82,1,1,0
2.4,29.54,1,0,0
1.6,35.59,0,1,0
4.2,46.83,0,0,0
2.1,38.64,1,0,0
2,45.28,1,1,1
2.4,41.06,1,1,0
4,49.01,0,0,0
4.1,52.02,0,0,0
4.2,55.73,0,0,1
3.4,31.19,0,0,1
2.1,31.28,1,0,0
3.5,34.32,0,0,0
1.7,42.82,0,1,0
4.2,46.09,0,0,0
3.8,39.58,0,0,0
4,45.68,0,0,0
1.6,57.46,1,1,0
4,52.41,0,0,0
1.7,55.44,1,0,0
3.6,32.91,0,0,0
2.6,27.58,1,0,0
2,31.47,0,1,1
4.5,46.65,0,0,0
1.2,52.27,0,1,0
1.6,47.43,1,0,1
2,35.69,1,1,0
1.8,57.35,1,1,1
1.3,52.37,1,0,0
3.1,44.28,0,0,0
2.3,27.15,0,1,0
4.1,29.75,0,0,0
4,33.75,0,0,0
1.5,46.13,0,1,0
3.9,45.27,0,0,1
4.1,41.99,0,0,1
4,39.71,0,0,0
1.9,54.48,1,0,0
4.4,51.1,0,0,0
1.8,61.25,1,0,0
1.7,43.45,0,1,0
2.4,34.49,1,1,0
1.9,37.8,1,0,0
4.5,47.56,0,0,0
1.6,40.2,1,0,0
1.8,37.25,0,1,0
2,39.56,1,0,0
1.9,57.23,0,1,0
4.3,49.21,0,0,0
4.2,56.27,0,0,0
3.3,25.9,0,0,0
3.6,27.77,0,0,0
4.1,40.4,0,0,0
2.4,39.37,1,0,1
2.6,38.2,1,1,0
2.1,31.91,1,1,0
3.5,42.6,0,0,1
1.7,52.24,1,1,0
4.1,60.57,0,0,0
2,52.8,1,1,0
4.1,34.12,0,0,0
3.6,32.21,0,0,0
2.2,25.81,0,1,0
4,42.68,0,0,0
1.5,37.8,1,0,1
2.1,38.17,1,0,1
3.8,46.91,0,0,0
4.3,57.97,0,0,0
1.7,52.49,1,0,0
4.5,54.16,0,0,0
4,38.79,0,0,0
4.1,34.24,0,0,0
1.4,31.55,0,1,0
3.7,38.13,0,0,0
3.7,44.17,0,0,0
2.1,41.8,1,0,0
4,38.44,0,0,1
4.3,48.4,0,0,0
4,52.79,0,0,1
4.3,52.38,0,0,0
2.5,37.83,1,1,0
1.8,34.58,1,1,0
2.3,41.24,1,1,0
4.5,47.88,0,0,0
2.5,42.64,1,0,0
2.4,38.88,0,1,0
4.1,42.64,0,0,1
4.8,55.2,0,0,0
4,55.58,0,0,0
1.8,52.91,1,1,0
2.5,33.47,1,1,0
4.1,27.2,0,0,0
2.9,29.02,1,1,0
1.9,42.02,1,0,0
2.1,39.14,1,1,0
3.8,46.47,0,0,1
1.8,39.21,1,1,0
1.9,50.99,1,1,0
4,52.04,0,0,0
4.7,52.07,0,0,0
2,30.21,1,1,0
3.6,32.6,0,0,0
2,29.36,1,1,0
4.1,44.79,0,0,0
2.4,41.87,1,1,0
1.9,42.98,1,0,0
1.5,42.06,0,1,0
2.1,57.14,1,1,1
1.8,48.98,0,1,1
4.5,57.14,0,0,0
2.6,31.42,1,1,0
4,34.98,0,0,0
4.2,33.58,0,0,0
4.7,46.6,0,0,0
3.5,47.84,0,0,0
1.9,42.87,1,0,1
3.8,43.24,0,0,0
1.3,52.39,1,0,0
1.5,57.49,0,1,0
4.1,53.01,0,0,0
2.4,34.2,1,0,0
3.8,33.62,0,0,0
3.5,30.68,0,0,0
2,39.42,1,0,0
2.4,33.79,0,1,0
3.9,45.81,0,0,0
2.8,41.38,1,0,0
4.1,53.04,0,0,0
1.3,54.68,0,1,0
4.2,44.6,0,0,0
1.4,31.07,1,0,0
2.1,36.88,1,1,0
3.4,34.15,0,0,0
4.5,48.27,0,0,0
2,40.32,1,1,1
3.7,42.2,0,0,0
2.6,42.4,1,1,0
4.2,55.63,0,0,0
4.4,51.88,0,0,1
4.9,55.71,0,0,0
2,31.79,1,0,0
3.5,31.73,0,0,0
3.7,31.85,0,0,1
1.8,45.34,1,1,0
4.6,51.96,0,0,0
3.8,33.9,0,0,0
1.8,33.56,1,1,0
4.2,49.24,0,0,0
4.6,51.42,0,0,0
4.2,55.27,0,0,0
2.3,25.53,1,1,0
2,35.02,1,0,0
2,40.43,0,1,0
1.9,51.12,1,1,0
1.7,43.13,1,0,1
1.7,44.79,0,1,0
2.4,48.28,1,0,0
4,54.7,0,0,1
4.2,51.58,0,0,0
4,55.5,0,0,0
2.3,34.84,1,1,0
3.2,34.8,0,0,1
3.4,33.53,0,0,0
3.5,43.17,0,0,0
4.3,44.68,0,0,0
4.1,43.08,0,0,1
4,42.93,0,0,0
3.9,54.36,0,0,1
1.7,48.82,1,0,0
4.9,58.22,0,0,0
3.3,34.29,0,0,1
2,31.1,1,0,1
3.9,34.24,0,0,0
3.9,43.09,0,0,0
4.5,46.52,0,0,0
3.4,38.67,0,0,0
4.2,41.24,0,0,0
1.6,54.47,0,1,0
1.4,54.33,1,1,0
3.5,46.92,0,0,0
2.2,34.04,0,1,0
3.3,31.38,0,0,0
2.2,34.28,1,0,0
4.6,45.96,0,0,1
4.1,45.32,0,0,0
3.7,37.13,0,0,0
3.9,40.84,0,0,0
4.5,50.95,0,0,0
1.4,57.69,1,1,0
1.4,55.27,1,0,0
4.3,37.53,0,0,1
2.2,25.91,1,1,0
1.9,36.13,0,1,0
4.6,44.81,0,0,0
4.5,43.67,0,0,1
1.7,44.32,1,0,0
3.8,42.31,0,0,0
4.6,48.4,0,0,0
4.5,54.28,0,0,0
4.4,46.03,0,0,0
3.5,24.54,0,0,0
4,27.74,0,0,0
3.4,32.85,0,0,0
4.5,47.08,0,0,0
2.2,42.23,1,1,0
3.7,39.16,0,0,0
3.4,40.87,0,0,0
4.2,55.01,0,0,0
2,57.19,1,1,0
5,50.98,0,0,0
2.5,26.96,1,0,0
4.1,35.22,0,0,0
1.7,33.55,0,1,0
4.4,43.35,0,0,0
4,45.65,0,0,0
3.9,42.21,0,0,0
4.4,48.42,0,0,0
4.1,52.36,0,0,1
2.1,60.02,1,1,0
1.4,54.46,0,1,0
1.3,33.61,0,1,1
2.6,35.8,1,0,0
3.6,31.6,0,0,0
4.7,53.84,0,0,0
4.6,40.12,0,0,0
3.8,40.07,0,0,0
3.8,40.68,0,0,0
4.2,53.02,0,0,0
3.8,50.41,0,0,1
5,54.26,0,0,0
4,35.23,0,0,1
3.8,27.79,0,0,0
3.8,37.78,0,0,0
4,48.79,0,0,0
1.9,42.06,1,1,0
3.4,39.04,0,0,0
4.1,40.03,0,0,0
4.4,45.61,0,0,0
4.4,50.97,0,0,0
1.8,59.32,1,0,0
3.9,40.71,0,0,0
1.8,36.98,1,0,0
3.3,29.26,0,0,0
3.8,50.1,0,0,1
2.5,39.34,1,1,0
1.6,40.82,0,1,0
3.7,40.98,0,0,1
4.4,59.72,0,0,0
1.2,55.41,1,0,1
4.8,56.19,0,0,0
3.4,32.46,0,0,0
3.8,32.89,0,0,0
4,35.53,0,0,0
1.4,48.4,0,1,0
2.3,40.96,1,0,0
3.8,39.47,0,0,1
2.3,42.48,1,1,0
3.9,51.04,0,0,0
4.1,55.99,0,0,0
3.6,51.87,0,0,1
1.7,35.36,1,0,0
3.4,35.82,0,0,0
2,32.57,1,0,1
4,46.37,0,0,0
4,45.86,0,0,0
4.3,41.52,0,0,1
4,45.79,0,0,0
3.9,53.31,0,0,0
1.4,58,1,0,0
1.8,59.21,1,1,0
3.9,33.22,0,0,0
2.2,33.29,0,1,0
3.5,34.49,0,0,0
1.4,40.84,1,1,1
1.5,43.31,1,0,0
3.3,37.7,0,0,0
1.9,42.02,1,0,0
4.3,54.78,0,0,0
3.8,56.84,0,0,0
1.3,50.5,0,1,0
3.6,31,0,0,0
2.2,33.04,1,1,0
2,35.29,1,1,0
2,48.33,1,1,1
1.9,45.07,1,0,1
2.5,43.35,1,1,0
3.7,45.42,0,0,0
3.9,49.8,0,0,0
4,53.94,0,0,0
4.4,55.15,0,0,0
2.1,34.9,1,0,1
3.4,30.27,0,0,0
3.9,37.7,0,0,0
4.1,43.67,0,0,0
1.5,51.48,0,1,0
4.2,44.91,0,0,1
4.1,36.71,0,0,0
4.2,51.22,0,0,0
2.1,47.3,1,0,0
1.9,50.9,1,0,0
2.3,22.12,0,1,0
1.7,35.62,0,1,1
3.4,39.21,0,0,0
1.6,46.7,1,1,0
4.2,42.36,0,0,0
4.2,44.84,0,0,0
3.9,45.79,0,0,0
1.7,56.33,1,1,0
3.8,48.12,0,0,0
3.9,53.12,0,0,1
2.4,30.05,1,1,0
2,33.56,0,1,0
3.7,29.87,0,0,1
1.8,42.58,1,0,0
2,41.68,0,1,0
1.8,40.56,1,0,0
1.8,48.76,1,1,0
2.1,57.1,1,1,1
1.4,53.54,1,1,0
3.5,48.4,0,0,0
2.5,38.34,0,1,0
4.7,41.37,0,0,0
3.7,27.43,0,0,0
2.1,51.78,1,0,0
3.5,41.03,0,0,0
3.7,38.59,0,0,0
2.8,42.52,1,1,0
5,51.18,0,0,0
4.4,53.31,0,0,0
4,56.48,0,0,0
3.8,34.81,0,0,0
3.4,32.15,0,0,0
2.3,30.29,1,1,0
4,43.78,0,0,1
3.7,45.66,0,0,0
4.1,48.65,0,0,0
4.5,46.33,0,0,0
2,51.67,1,1,0
4.1,57.63,0,0,0
4.2,60.19,0,0,0
2.3,29.52,1,0,0
4.2,37.53,0,0,0
2.3,20.29,1,1,0
3.7,41.68,0,0,0
4.4,42.25,0,0,0
3.6,45.82,0,0,0
4.4,41.27,0,0,0
5,56.7,0,0,0
1.8,54.19,0,1,0
4.4,58.08,0,0,0
2.2,33.29,0,1,0
2.1,34.16,1,0,0
2.2,37.01,1,1,1
4.2,43.71,0,0,0
4.3,40.64,0,0,0
1.6,41.21,0,1,0
1.8,44.24,1,1,0
4.2,53.94,0,0,0
2,46.38,1,0,0
2.2,54.18,1,1,0
2.2,28.43,1,0,0
2,32.32,1,1,0
2,31.78,1,0,1
2.4,54.3,1,0,0
4.1,41.21,0,0,0
4.3,42.01,0,0,0
3.8,33.1,0,0,1
3.9,52.44,0,0,0
1.6,55.51,1,1,1
4.3,53.46,0,0,0
3.6,38.11,0,0,0
3.6,35.63,0,0,0
2.2,27.48,0,1,0
2.2,39.64,1,1,0
4,42.27,0,0,0
4,38.98,0,0,1
2,36.33,1,0,0
4.5,57.38,0,0,0
1.3,57.46,1,0,0
4.5,56.38,0,0,0
2.5,28.99,1,0,0
3.6,27.75,0,0,0
2,36.15,1,0,0
1.6,41.62,0,1,0
2.1,48.21,0,1,0
1.5,46.03,1,0,0
2.6,44.07,1,1,0
4.1,55.87,0,0,0
4.5,52.71,0,0,1
4.8,49.41,0,0,0
2.4,28.8,1,1,0
2.1,39.36,1,0,0
3.8,36.19,0,0,0
3.9,41.98,0,0,0
2,44.04,1,1,0
1.3,42.26,1,0,0
1.8,39.32,1,1,1
2.4,53.29,1,1,0
4.4,59.2,0,0,0
3.8,47.18,0,0,0
3.6,31.72,0,0,0
1.8,42.5,1,0,1
3.6,37.68,0,0,0
3.5,42.48,0,0,1
2.2,43.29,0,1,0
4,38.76,0,0,0
2.5,40.11,1,1,0
2.1,51.7,1,0,0
4.1,52.32,0,0,0
1.3,54.19,0,1,1
2.1,32.88,0,1,1
1.7,37.21,1,0,0
3.8,36.54,0,0,0
3.9,37.49,0,0,0
1.7,41.15,1,1,0
3.5,39.32,0,0,1
4,42.84,0,0,0
3.9,53.34,0,0,0
1.8,51.65,1,1,0
1.9,57.52,1,1,0
4.4,26.25,0,0,0
1.9,35.11,1,0,0
2.1,34.63,0,1,0
4.2,37.41,0,0,0
2.3,37.56,1,0,0
2.3,44.38,1,1,0
2.3,38.56,1,0,0
1.5,49.87,1,1,0
4.3,57.13,0,0,1
4.5,54.19,0,0,0
3.7,27.14,0,0,0
2.2,27.75,1,1,0
4.1,29.34,0,0,0
2,45.04,1,1,0
1.8,42.52,1,0,1
3.5,45.41,0,0,1
3.6,41.17,0,0,0
1.6,49.01,1,1,1
1.3,53.16,1,0,0
3.9,53.79,0,0,0
3.6,29.78,0,0,0
2.1,36.69,1,1,1
3.9,33.11,0,0,0
4.3,41.98,0,0,0
2.3,42.13,1,1,0
3.4,38.55,0,0,0
4,41.88,0,0,0
4.4,51.29,0,0,0
1.5,52.14,0,1,0
4.1,43.45,0,0,0
2.7,39.23,1,1,0
2.4,30.89,1,0,0
2.4,25.79,1,1,0
1.7,46.66,1,1,0
2.4,42.82,1,0,0
4.9,41.43,0,0,0
4.6,45.97,0,0,0
4.7,50.41,0,0,0
2.1,41.34,1,0,1
4.2,50.06,0,0,0
2,38.66,1,0,1
2,33.44,1,0,1
3.4,31.8,0,0,1
3.7,48.48,0,0,0
4.3,50.13,0,0,0
3.5,33.94,0,0,0
4.1,43.86,0,0,0
4.4,48.74,0,0,0
3.8,52.73,0,0,0
1.8,48.43,1,0,0
3.7,30.71,0,0,0
1.9,34.13,1,1,1
3.8,36.86,0,0,0
2.1,48.63,1,1,0
3.7,37.74,0,0,1
1.2,45.96,0,1,1
2.3,44.08,1,1,0
4.4,50.85,0,0,0
4.3,54.01,0,0,0
1.8,57.94,1,1,0
1.9,34.46,0,1,0
3.4,35.56,0,0,0
3.8,34.52,0,0,1
4,42.87,0,0,0
4.1,43.27,0,0,0
1.8,37.31,1,0,0
2.2,35.42,1,0,0
4.2,47.2,0,0,0
4.3,56.13,0,0,1
4.5,51.49,0,0,0
2.1,26.98,1,1,0
2.4,27.94,1,1,0
1.9,31.51,1,0,1
3.8,46.59,0,0,1
2.2,35.8,1,0,0
2.3,39.16,1,1,1
4.3,42.04,0,0,0
4.4,57.78,0,0,0
2.3,56.7,1,0,0
1.8,56.7,0,1,0
1.8,29.67,1,0,0
2.1,33.22,1,0,0
4.3,37.44,0,0,0
2.5,39.9,1,1,0
2.2,48.71,1,0,0
4,40.54,0,0,0
3.4,36.16,0,0,0
3.9,55.72,0,0,0
1.8,51.68,1,1,0
1.6,55.55,1,0,1
4,37.72,0,0,0
2.3,31.53,1,1,0
3.6,32.71,0,0,0
1.6,51.77,1,1,0
4.1,47.9,0,0,1
3.8,43.02,0,0,0
4.1,44.15,0,0,0
2,52.74,0,1,0
2,53.37,1,1,0
3.6,51.88,0,0,1
3.6,35.24,0,0,0
3.7,33.9,0,0,0
2.5,26.48,1,1,0
4.4,42.32,0,0,0
3.8,43.38,0,0,0
3.6,39.34,0,0,0
2.4,45,1,0,0
1.7,59.94,1,0,0
4.1,49.73,0,0,0
1.3,50.27,0,1,0
2.4,38.04,1,1,0
1.8,38.31,1,1,0
3.8,35.6,0,0,0
2.3,46.2,1,1,0
1.8,35.38,1,1,1
1.9,35.4,0,1,0
2.2,43.99,0,1,0
1.9,43.56,1,0,0
1.6,54.53,1,1,0
4.1,49.85,0,0,0
1.8,40.32,1,0,0
2.2,39.55,1,0,0
2.9,25.26,0,0,0
2.2,40.96,1,0,0
4.2,37.47,0,0,0
1,41.77,0,1,1
2.2,36.07,1,1,0
4,57.18,0,0,0
1.8,56.06,1,1,1
2.3,52.42,1,0,0
2.8,29.28,1,0,0
2.3,29.24,1,1,0
3.3,35.28,0,0,0
3.6,43.14,0,0,0
2.1,39.5,1,1,0
1.6,41.14,1,1,0
3.9,38.39,0,0,0
4,47.65,0,0,0
4.9,55.13,0,0,0
1.8,62.49,1,0,0
2.5,26.59,1,1,0
1.7,35.6,0,1,1
4.4,32.89,0,0,0
2.1,41.82,1,1,0
2.1,38.64,1,0,0
2.4,35.93,1,0,0
2.1,40.47,1,1,0
2.1,49.86,1,1,0
4.3,52.55,0,0,0
2,50.5,0,1,0
3.9,34.71,0,0,0
3.6,26.04,0,0,0
1.8,37.52,1,0,0
3.9,44.36,0,0,0
3.9,34.91,0,0,0
4.4,41.94,0,0,0
4.1,41.71,0,0,0
4.4,56.38,0,0,0
4.6,55.25,0,0,0
3.8,54.78,0,0,1
3.2,26.1,0,0,0
4.1,33.74,0,0,0
1.6,36.7,0,1,0
1,47.99,0,1,0
4,39.06,0,0,0
3.8,44.37,0,0,0
4.6,43.4,0,0,1
2.1,56.36,1,1,1
1.6,49.4,1,1,0
2.5,46.88,1,1,0
3.1,33.82,0,0,1
2.3,33.52,1,1,0
2.8,34.88,1,1,0
4.3,39.8,0,0,0
4.1,38.21,0,0,0
4.1,42.69,0,0,0
2.6,41.24,1,0,0
4.7,54.61,0,0,0
4.7,59.14,0,0,0
1.8,53.8,1,0,0
3.5,32.04,0,0,0
3.4,34.55,0,0,1
3.4,28.02,0,0,0
4.4,56.83,0,0,0
1.9,45.29,1,0,0
4.3,38.32,0,0,0
4,38.85,0,0,1
2,51.35,1,1,0
4,52.78,0,0,0
5,61.04,0,0,0
2.3,34.76,1,1,0
1.6,36.27,1,0,1
4.3,33.94,0,0,0
1.7,35.92,0,1,0
1.6,35.22,1,0,0
2.6,38.02,1,0,0
4.2,43.84,0,0,0
4.9,64.53,0,0,0
2.4,42.65,1,0,0
1,57.08,1,0,0
1.4,37.68,0,1,1
4.3,35.85,0,0,0
3.4,33.69,0,0,1
2.2,39.84,1,0,0
2.1,39.07,1,1,0
4,37.75,0,0,0
4.1,36.25,0,0,0
3.8,53.02,0,0,0
4.4,54.48,0,0,0
4.8,53.47,0,0,1
3.3,26.89,0,0,0
1.8,40.93,1,1,0
2.2,42.24,1,1,0
3.8,44.33,0,0,0
3.9,39.2,0,0,0
2.5,38.05,1,0,0
1.3,44.59,0,1,1
2,52.62,1,0,1
2.1,45.62,1,1,0
2.1,49.61,1,0,0
3.6,33.24,0,0,0
2.4,25.58,1,0,0
3.8,40.03,0,0,0
4.2,47.49,0,0,0
4.3,42.76,0,0,0
4.1,37.6,0,0,0
2,46.32,1,1,0
1.9,55.22,1,1,0
4.3,54.72,0,0,0
1.6,54.67,1,0,0
2.7,32.34,1,1,0
2.8,34.66,1,1,0
2.5,34.68,1,0,0
2.1,45.97,0,1,0
2.5,39.53,1,1,0
2.1,41.84,1,1,0
4.2,41.75,0,0,0
2.2,57.35,1,1,0
1.5,51.73,1,1,0
4.3,50.39,0,0,0
2.8,27.71,1,0,0
2,32.53,1,0,1
1.8,34.46,1,1,0
4.2,41.49,0,0,1
4.2,37.8,0,0,0
3.5,38.87,0,0,0
3.5,36.77,0,0,0
1.4,51.86,0,1,0
3.9,51.82,0,0,0
4.3,52.42,0,0,0
2.9,33.04,0,0,1
2,38.57,1,1,0
3.7,30.45,0,0,0
2.5,43.25,1,1,0
4.4,53.76,0,0,0
1.7,40.7,0,1,1
2,39.74,1,1,0
4,46.01,0,0,0
1,58.36,1,1,1
1.2,57.35,0,1,0
2.1,39.35,1,1,0
2.3,44.59,0,1,0
2.6,32.71,1,1,0
4.9,46.64,0,0,0
1.5,40.14,0,1,0
1.9,42.66,1,1,0
2,44.6,1,1,0
1.4,51.11,1,1,1
4.1,48.31,0,0,0
1.8,48.88,1,1,0
3.3,34.54,0,0,1
3.5,35.09,0,0,0
3.4,29.92,0,0,0
4.5,45.69,0,0,0
4.1,45.29,0,0,0
3.6,37.25,0,0,0
1.3,35.96,0,1,1
2,49.58,1,0,0
1.5,54.54,1,0,0
3.9,58.6,0,0,1
3.6,35.52,0,0,0
1.8,34.54,1,1,1
3.6,29.08,0,0,0
1.7,44.81,0,1,0
2,42.12,1,1,0
3.7,41.53,0,0,1
3.9,41.33,0,0,0
1.6,57.17,1,1,0
1.4,56.57,0,1,0
3.7,48.77,0,0,0
2.3,31.58,1,1,0
1.9,38.94,1,1,0
4.2,32.91,0,0,0
3.8,41.25,0,0,0
2,40.59,1,1,0
3.2,44.16,0,0,1
3.8,45.03,0,0,0
4.3,54.95,0,0,0
4.5,59.64,0,0,0
1.4,47.72,1,1,1
2.1,28.8,1,0,0
2.4,34.57,1,0,0
3.4,30.81,0,0,0
4.2,44.12,0,0,0
4.1,43.9,0,0,0
1.7,44.67,1,1,0
1.8,38.58,1,0,0
4.5,56.19,0,0,1
1.7,52.66,1,1,0
1.9,50.24,1,0,0
3.4,30.96,0,0,0
4,29.59,0,0,0
1.8,35.43,1,1,1
3.5,45.11,0,0,0
2.2,35.06,1,1,0
2.3,41.53,1,1,0
2.2,36.22,1,0,0
4.5,49.48,0,0,0
4.3,55.98,0,0,1
1.6,52.78,1,0,0
2.6,24.85,1,0,0
3.4,34.39,0,0,0
2.4,27.73,1,1,0
1.5,44.34,0,1,0
1.7,46.59,1,0,1
1.9,42.6,1,1,1
2.6,45.41,1,0,0
1.4,51.13,0,1,0
1.3,53.63,1,1,0
4.1,47.05,0,0,0
3.8,31.7,0,0,0
2.5,35.85,1,1,0
2.2,38.06,1,0,1
2.1,44.63,1,1,0
3.7,40.92,0,0,0
4.2,33.15,0,0,1
2,38.48,1,1,0
4.8,46.7,0,0,0
2,48.04,1,1,0
4.3,58.47,0,0,0
2.3,35.41,1,0,0
2.8,30.37,1,1,0
4.4,36.23,0,0,0
4.3,46.47,0,0,0
4.3,48.05,0,0,0
4.2,41.98,0,0,0
4.1,47.57,0,0,0
3.9,48.67,0,0,0
1.5,58.52,0,1,0
1,49.71,0,1,1
3.5,37.21,0,0,0
2,32.73,0,1,0
2.6,28.44,1,1,0
3.8,45.91,0,0,0
2.1,41.38,1,1,0
2.3,40.92,1,1,0
2.2,35.94,1,0,0
2.1,56.9,1,1,0
1.8,47.68,1,0,0
4.7,56.73,0,0,0
4,39.47,0,0,1
2.4,30.06,1,0,0
2.5,37.49,1,0,0
2.1,39.62,1,1,0
1.8,43.88,1,1,0
2.2,45.68,1,0,0
4.3,45.8,0,0,0
1.8,47.02,1,0,1
4.4,53.06,0,0,0
3.6,55.65,0,0,0
1.6,28.84,0,1,0
4,33.36,0,0,0
3.5,31.82,0,0,0
2.2,45.95,1,1,0
3.6,42.7,0,0,0
2.2,37.55,1,1,0
3.4,35.33,0,0,0
4.9,52.82,0,0,0
1.8,48.48,1,0,0
4.6,51.13,0,0,0
2.2,43.58,1,1,0
3.5,29.54,0,0,0
3.5,35.05,0,0,0
3.9,48.39,0,0,0
2.4,40.87,1,0,0
3.8,33.28,0,0,0
4.4,42.97,0,0,0
2,52.23,1,1,0
4,47.4,0,0,0
2.1,47.55,0,1,0
1.7,34.95,1,0,0
2.4,31.75,1,0,0
2.1,27.42,0,1,0
1.9,48.48,0,1,0
3.9,39.34,0,0,0
3.6,44.44,0,0,0
4,40.46,0,0,0
1.2,52.23,1,0,0
4,53.19,0,0,0
4.2,55.01,0,0,1
2.9,34.24,1,0,0
3.9,32.55,0,0,0
2.9,29.32,1,1,0
2.2,38.69,1,1,0
2.1,51.5,1,1,0
3.5,39.73,0,0,0
3.5,41.25,0,0,0
1.7,56.09,1,0,0
1.2,47.6,1,1,1
2.5,50.04,1,1,0
3.7,27.61,0,0,0
3.8,30.15,0,0,1
1.9,31.22,1,1,1
3.9,43.35,0,0,0
